0, 0, Header, 1, 2, 480
1, 0, Start_track
1, 0, Tempo, 500000
1, 0, Time_signature, 4, 2, 24, 8
1, 1, End_track
2, 0, Start_track
2, 0, Program_c, 0, 0
2, 0, Control_c, 0, 64, 55
2, 0, Control_c, 0, 67, 0
2, 162, Control_c, 0, 64, 56
2, 376, Control_c, 0, 64, 54
2, 395, Control_c, 0, 64, 51
2, 412, Control_c, 0, 64, 43
2, 430, Control_c, 0, 64, 16
2, 449, Control_c, 0, 64, 0
2, 833, Note_on_c, 0, 48, 96
2, 833, Note_on_c, 0, 60, 91
2, 871, Control_c, 0, 64, 33
2, 889, Control_c, 0, 64, 58
2, 908, Control_c, 0, 64, 77
2, 928, Control_c, 0, 64, 127
2, 943, Note_on_c, 0, 36, 99
2, 954, Note_on_c, 0, 24, 93
2, 1021, Note_on_c, 0, 24, 0
2, 1038, Note_on_c, 0, 48, 0
2, 1051, Note_on_c, 0, 36, 0
2, 1064, Note_on_c, 0, 60, 0
2, 1497, Note_on_c, 0, 60, 77
2, 1583, Note_on_c, 0, 67, 76
2, 1618, Note_on_c, 0, 60, 0
2, 1647, Note_on_c, 0, 70, 79
2, 1797, Note_on_c, 0, 76, 101
2, 1801, Note_on_c, 0, 84, 98
2, 1917, Note_on_c, 0, 84, 0
2, 2011, Note_on_c, 0, 88, 89
2, 2011, Note_on_c, 0, 96, 93
2, 2081, Note_on_c, 0, 88, 0
2, 2155, Note_on_c, 0, 94, 87
2, 2182, Note_on_c, 0, 96, 0
2, 2216, Note_on_c, 0, 90, 80
2, 2273, Note_on_c, 0, 94, 0
2, 2318, Note_on_c, 0, 91, 34
2, 2324, Note_on_c, 0, 88, 78
2, 2331, Note_on_c, 0, 90, 0
2, 2342, Note_on_c, 0, 89, 59
2, 2356, Note_on_c, 0, 91, 0
2, 2369, Note_on_c, 0, 89, 0
2, 2381, Note_on_c, 0, 88, 0
2, 2385, Note_on_c, 0, 84, 79
2, 2405, Note_on_c, 0, 76, 0
2, 2426, Note_on_c, 0, 70, 0
2, 2430, Note_on_c, 0, 67, 0
2, 2443, Note_on_c, 0, 84, 0
2, 2472, Note_on_c, 0, 82, 85
2, 2534, Note_on_c, 0, 80, 81
2, 2584, Note_on_c, 0, 79, 89
2, 2584, Note_on_c, 0, 82, 0
2, 2588, Note_on_c, 0, 80, 0
2, 2610, Note_on_c, 0, 75, 91
2, 2626, Note_on_c, 0, 79, 0
2, 2688, Note_on_c, 0, 75, 0
2, 2696, Note_on_c, 0, 72, 91
2, 2728, Note_on_c, 0, 72, 0
2, 2776, Note_on_c, 0, 71, 57
2, 2780, Note_on_c, 0, 69, 86
2, 2803, Note_on_c, 0, 71, 0
2, 2840, Note_on_c, 0, 67, 72
2, 2878, Note_on_c, 0, 69, 0
2, 2910, Note_on_c, 0, 64, 92
2, 2933, Note_on_c, 0, 67, 0
2, 2969, Note_on_c, 0, 64, 0
2, 2978, Note_on_c, 0, 60, 84
2, 3035, Note_on_c, 0, 60, 0
2, 3063, Note_on_c, 0, 58, 89
2, 3135, Note_on_c, 0, 55, 75
2, 3174, Note_on_c, 0, 58, 0
2, 3194, Note_on_c, 0, 52, 88
2, 3223, Note_on_c, 0, 55, 0
2, 3254, Note_on_c, 0, 52, 0
2, 3267, Note_on_c, 0, 48, 77
2, 3311, Note_on_c, 0, 48, 0
2, 3358, Note_on_c, 0, 46, 78
2, 3363, Control_c, 0, 64, 106
2, 3380, Control_c, 0, 64, 92
2, 3400, Control_c, 0, 64, 81
2, 3420, Control_c, 0, 64, 70
2, 3433, Note_on_c, 0, 46, 0
2, 3438, Control_c, 0, 64, 63
2, 3445, Note_on_c, 0, 43, 70
2, 3458, Control_c, 0, 64, 60
2, 3479, Control_c, 0, 64, 58
2, 3499, Control_c, 0, 64, 57
2, 3516, Control_c, 0, 64, 54
2, 3523, Note_on_c, 0, 43, 0
2, 3523, Note_on_c, 0, 50, 63
2, 3534, Control_c, 0, 64, 51
2, 3555, Control_c, 0, 64, 47
2, 3564, Note_on_c, 0, 48, 61
2, 3569, Note_on_c, 0, 40, 52
2, 3575, Control_c, 0, 64, 44
2, 3577, Note_on_c, 0, 50, 0
2, 3579, Note_on_c, 0, 44, 63
2, 3592, Control_c, 0, 64, 41
2, 3613, Control_c, 0, 64, 38
2, 3613, Note_on_c, 0, 40, 0
2, 3627, Note_on_c, 0, 46, 56
2, 3632, Control_c, 0, 64, 34
2, 3649, Note_on_c, 0, 48, 0
2, 3653, Control_c, 0, 64, 31
2, 3667, Note_on_c, 0, 44, 0
2, 3671, Control_c, 0, 64, 30
2, 3689, Control_c, 0, 64, 29
2, 3699, Note_on_c, 0, 46, 0
2, 3707, Control_c, 0, 64, 28
2, 3718, Note_on_c, 0, 45, 63
2, 3726, Control_c, 0, 64, 27
2, 3731, Note_on_c, 0, 41, 58
2, 3745, Control_c, 0, 64, 25
2, 3764, Control_c, 0, 64, 23
2, 3771, Note_on_c, 0, 41, 0
2, 3785, Control_c, 0, 64, 21
2, 3790, Note_on_c, 0, 45, 0
2, 3799, Note_on_c, 0, 52, 54
2, 3804, Control_c, 0, 64, 20
2, 3848, Note_on_c, 0, 46, 51
2, 3859, Note_on_c, 0, 50, 55
2, 3872, Note_on_c, 0, 52, 0
2, 3878, Note_on_c, 0, 42, 69
2, 3912, Note_on_c, 0, 48, 60
2, 3928, Note_on_c, 0, 42, 0
2, 3928, Note_on_c, 0, 50, 0
2, 3949, Note_on_c, 0, 46, 0
2, 3987, Note_on_c, 0, 48, 0
2, 4017, Note_on_c, 0, 47, 66
2, 4030, Note_on_c, 0, 43, 72
2, 4069, Note_on_c, 0, 47, 0
2, 4078, Note_on_c, 0, 43, 0
2, 4080, Note_on_c, 0, 53, 63
2, 4150, Note_on_c, 0, 52, 65
2, 4168, Note_on_c, 0, 44, 73
2, 4179, Note_on_c, 0, 53, 0
2, 4208, Control_c, 0, 64, 21
2, 4210, Note_on_c, 0, 50, 61
2, 4219, Note_on_c, 0, 44, 0
2, 4245, Note_on_c, 0, 52, 0
2, 4310, Note_on_c, 0, 50, 0
2, 4330, Note_on_c, 0, 45, 78
2, 4334, Note_on_c, 0, 48, 70
2, 4341, Control_c, 0, 64, 22
2, 4377, Control_c, 0, 64, 23
2, 4393, Note_on_c, 0, 55, 63
2, 4397, Control_c, 0, 64, 25
2, 4402, Note_on_c, 0, 48, 0
2, 4416, Control_c, 0, 64, 26
2, 4439, Control_c, 0, 64, 27
2, 4466, Note_on_c, 0, 49, 66
2, 4466, Note_on_c, 0, 53, 68
2, 4473, Control_c, 0, 64, 29
2, 4483, Note_on_c, 0, 55, 0
2, 4493, Control_c, 0, 64, 31
2, 4507, Note_on_c, 0, 45, 0
2, 4512, Control_c, 0, 64, 33
2, 4528, Note_on_c, 0, 52, 65
2, 4532, Control_c, 0, 64, 34
2, 4556, Note_on_c, 0, 53, 0
2, 4560, Note_on_c, 0, 49, 0
2, 4624, Note_on_c, 0, 46, 83
2, 4629, Note_on_c, 0, 50, 82
2, 4633, Note_on_c, 0, 52, 0
2, 4643, Control_c, 0, 64, 33
2, 4662, Control_c, 0, 64, 31
2, 4682, Control_c, 0, 64, 30
2, 4685, Note_on_c, 0, 57, 65
2, 4691, Note_on_c, 0, 46, 0
2, 4704, Note_on_c, 0, 50, 0
2, 4759, Control_c, 0, 64, 29
2, 4766, Note_on_c, 0, 47, 84
2, 4771, Note_on_c, 0, 55, 74
2, 4776, Note_on_c, 0, 51, 77
2, 4797, Control_c, 0, 64, 28
2, 4815, Control_c, 0, 64, 27
2, 4822, Note_on_c, 0, 57, 0
2, 4827, Note_on_c, 0, 47, 0
2, 4842, Note_on_c, 0, 53, 75
2, 4855, Control_c, 0, 64, 26
2, 4888, Note_on_c, 0, 55, 0
2, 4890, Note_on_c, 0, 51, 0
2, 4913, Control_c, 0, 64, 25
2, 4931, Control_c, 0, 64, 23
2, 4941, Note_on_c, 0, 48, 94
2, 4946, Note_on_c, 0, 52, 96
2, 4946, Note_on_c, 0, 53, 0
2, 4952, Control_c, 0, 64, 20
2, 4968, Control_c, 0, 64, 16
2, 4988, Control_c, 0, 64, 11
2, 5010, Control_c, 0, 64, 0
2, 5010, Note_on_c, 0, 48, 0
2, 5105, Note_on_c, 0, 52, 0
2, 5369, Note_on_c, 0, 48, 100
2, 5369, Note_on_c, 0, 60, 91
2, 5373, Control_c, 0, 64, 11
2, 5392, Control_c, 0, 64, 46
2, 5410, Control_c, 0, 64, 69
2, 5430, Control_c, 0, 64, 127
2, 5439, Note_on_c, 0, 36, 100
2, 5449, Note_on_c, 0, 24, 92
2, 5497, Note_on_c, 0, 24, 0
2, 5509, Note_on_c, 0, 48, 0
2, 5525, Note_on_c, 0, 36, 0
2, 5555, Note_on_c, 0, 60, 0
2, 5966, Note_on_c, 0, 60, 79
2, 6037, Note_on_c, 0, 67, 79
2, 6060, Note_on_c, 0, 60, 0
2, 6106, Note_on_c, 0, 70, 82
2, 6236, Note_on_c, 0, 76, 106
2, 6240, Note_on_c, 0, 84, 98
2, 6342, Note_on_c, 0, 84, 0
2, 6426, Note_on_c, 0, 96, 99
2, 6430, Note_on_c, 0, 88, 99
2, 6512, Note_on_c, 0, 88, 0
2, 6562, Note_on_c, 0, 94, 90
2, 6596, Note_on_c, 0, 96, 0
2, 6643, Note_on_c, 0, 91, 82
2, 6689, Note_on_c, 0, 94, 0
2, 6712, Note_on_c, 0, 88, 84
2, 6728, Note_on_c, 0, 91, 0
2, 6780, Note_on_c, 0, 88, 0
2, 6788, Note_on_c, 0, 84, 79
2, 6819, Note_on_c, 0, 70, 0
2, 6821, Note_on_c, 0, 67, 0
2, 6831, Note_on_c, 0, 76, 0
2, 6838, Note_on_c, 0, 84, 0
2, 6874, Note_on_c, 0, 82, 86
2, 6960, Note_on_c, 0, 79, 87
2, 6989, Note_on_c, 0, 82, 0
2, 7021, Note_on_c, 0, 76, 88
2, 7036, Note_on_c, 0, 79, 0
2, 7084, Note_on_c, 0, 76, 0
2, 7093, Note_on_c, 0, 72, 90
2, 7138, Note_on_c, 0, 72, 0
2, 7179, Note_on_c, 0, 70, 87
2, 7249, Note_on_c, 0, 67, 77
2, 7301, Note_on_c, 0, 70, 0
2, 7322, Note_on_c, 0, 64, 89
2, 7352, Note_on_c, 0, 67, 0
2, 7397, Note_on_c, 0, 64, 0
2, 7399, Note_on_c, 0, 60, 88
2, 7452, Note_on_c, 0, 60, 0
2, 7486, Note_on_c, 0, 58, 84
2, 7552, Note_on_c, 0, 55, 85
2, 7567, Note_on_c, 0, 56, 26
2, 7620, Note_on_c, 0, 52, 86
2, 7620, Note_on_c, 0, 56, 0
2, 7641, Note_on_c, 0, 58, 0
2, 7651, Note_on_c, 0, 55, 0
2, 7680, Note_on_c, 0, 52, 0
2, 7694, Note_on_c, 0, 48, 79
2, 7746, Note_on_c, 0, 48, 0
2, 7799, Control_c, 0, 64, 100
2, 7804, Note_on_c, 0, 46, 75
2, 7817, Control_c, 0, 64, 79
2, 7836, Control_c, 0, 64, 68
2, 7855, Control_c, 0, 64, 61
2, 7872, Note_on_c, 0, 46, 0
2, 7877, Control_c, 0, 64, 57
2, 7877, Note_on_c, 0, 43, 70
2, 7893, Control_c, 0, 64, 56
2, 7917, Control_c, 0, 64, 55
2, 7934, Control_c, 0, 64, 53
2, 7951, Control_c, 0, 64, 50
2, 7958, Note_on_c, 0, 43, 0
2, 7958, Note_on_c, 0, 50, 63
2, 7970, Control_c, 0, 64, 46
2, 7989, Control_c, 0, 64, 43
2, 8003, Note_on_c, 0, 40, 55
2, 8009, Control_c, 0, 64, 41
2, 8014, Note_on_c, 0, 44, 58
2, 8014, Note_on_c, 0, 48, 54
2, 8019, Note_on_c, 0, 50, 0
2, 8028, Control_c, 0, 64, 39
2, 8048, Control_c, 0, 64, 35
2, 8053, Note_on_c, 0, 40, 0
2, 8067, Note_on_c, 0, 46, 54
2, 8071, Control_c, 0, 64, 32
2, 8071, Note_on_c, 0, 44, 0
2, 8076, Note_on_c, 0, 48, 0
2, 8085, Control_c, 0, 64, 29
2, 8107, Control_c, 0, 64, 27
2, 8124, Control_c, 0, 64, 26
2, 8135, Note_on_c, 0, 46, 0
2, 8142, Control_c, 0, 64, 24
2, 8158, Note_on_c, 0, 41, 63
2, 8163, Control_c, 0, 64, 22
2, 8172, Note_on_c, 0, 45, 55
2, 8184, Control_c, 0, 64, 20
2, 8211, Note_on_c, 0, 41, 0
2, 8229, Note_on_c, 0, 45, 0
2, 8238, Control_c, 0, 64, 19
2, 8252, Note_on_c, 0, 52, 48
2, 8296, Note_on_c, 0, 52, 0
2, 8305, Note_on_c, 0, 46, 48
2, 8317, Note_on_c, 0, 42, 63
2, 8317, Note_on_c, 0, 50, 43
2, 8360, Note_on_c, 0, 42, 0
2, 8360, Note_on_c, 0, 48, 57
2, 8375, Note_on_c, 0, 50, 0
2, 8419, Note_on_c, 0, 46, 0
2, 8428, Note_on_c, 0, 48, 0
2, 8462, Note_on_c, 0, 43, 61
2, 8471, Note_on_c, 0, 47, 59
2, 8506, Note_on_c, 0, 43, 0
2, 8517, Note_on_c, 0, 47, 0
2, 8528, Control_c, 0, 64, 20
2, 8528, Note_on_c, 0, 53, 59
2, 8599, Note_on_c, 0, 52, 62
2, 8603, Note_on_c, 0, 44, 65
2, 8607, Note_on_c, 0, 53, 0
2, 8646, Note_on_c, 0, 44, 0
2, 8672, Note_on_c, 0, 50, 56
2, 8683, Note_on_c, 0, 52, 0
2, 8748, Note_on_c, 0, 50, 0
2, 8761, Note_on_c, 0, 45, 67
2, 8781, Note_on_c, 0, 48, 62
2, 8815, Control_c, 0, 64, 21
2, 8846, Note_on_c, 0, 48, 0
2, 8852, Control_c, 0, 64, 22
2, 8857, Note_on_c, 0, 55, 55
2, 8910, Control_c, 0, 64, 23
2, 8919, Note_on_c, 0, 55, 0
2, 8930, Note_on_c, 0, 53, 53
2, 8934, Note_on_c, 0, 49, 50
2, 8956, Note_on_c, 0, 45, 0
2, 8997, Note_on_c, 0, 52, 60
2, 9002, Note_on_c, 0, 49, 0
2, 9002, Note_on_c, 0, 53, 0
2, 9088, Control_c, 0, 64, 24
2, 9088, Note_on_c, 0, 52, 0
2, 9092, Note_on_c, 0, 46, 69
2, 9096, Note_on_c, 0, 50, 65
2, 9124, Control_c, 0, 64, 25
2, 9135, Note_on_c, 0, 46, 0
2, 9160, Note_on_c, 0, 50, 0
2, 9174, Note_on_c, 0, 57, 65
2, 9225, Note_on_c, 0, 47, 70
2, 9239, Control_c, 0, 64, 26
2, 9239, Note_on_c, 0, 51, 61
2, 9248, Note_on_c, 0, 57, 0
2, 9255, Note_on_c, 0, 55, 49
2, 9272, Note_on_c, 0, 47, 0
2, 9297, Note_on_c, 0, 53, 61
2, 9326, Note_on_c, 0, 55, 0
2, 9335, Note_on_c, 0, 51, 0
2, 9357, Note_on_c, 0, 53, 0
2, 9374, Control_c, 0, 64, 27
2, 9386, Note_on_c, 0, 48, 71
2, 9390, Note_on_c, 0, 52, 70
2, 9431, Note_on_c, 0, 48, 0
2, 9469, Note_on_c, 0, 58, 68
2, 9474, Control_c, 0, 64, 28
2, 9474, Note_on_c, 0, 52, 0
2, 9534, Note_on_c, 0, 49, 69
2, 9545, Note_on_c, 0, 58, 0
2, 9551, Note_on_c, 0, 57, 58
2, 9581, Note_on_c, 0, 49, 0
2, 9598, Note_on_c, 0, 55, 66
2, 9627, Note_on_c, 0, 57, 0
2, 9667, Note_on_c, 0, 55, 0
2, 9679, Control_c, 0, 64, 29
2, 9687, Note_on_c, 0, 50, 73
2, 9697, Note_on_c, 0, 53, 73
2, 9733, Note_on_c, 0, 50, 0
2, 9763, Note_on_c, 0, 53, 0
2, 9776, Note_on_c, 0, 60, 69
2, 9832, Note_on_c, 0, 51, 74
2, 9839, Note_on_c, 0, 59, 61
2, 9843, Note_on_c, 0, 54, 65
2, 9860, Note_on_c, 0, 60, 0
2, 9872, Note_on_c, 0, 51, 0
2, 9894, Note_on_c, 0, 54, 0
2, 9902, Note_on_c, 0, 57, 64
2, 9949, Note_on_c, 0, 59, 0
2, 9984, Note_on_c, 0, 52, 85
2, 9989, Note_on_c, 0, 57, 0
2, 10000, Note_on_c, 0, 55, 75
2, 10081, Note_on_c, 0, 62, 68
2, 10085, Note_on_c, 0, 55, 0
2, 10151, Note_on_c, 0, 60, 59
2, 10158, Note_on_c, 0, 56, 61
2, 10178, Note_on_c, 0, 52, 0
2, 10178, Note_on_c, 0, 62, 0
2, 10201, Note_on_c, 0, 58, 65
2, 10235, Note_on_c, 0, 56, 0
2, 10254, Note_on_c, 0, 60, 0
2, 10293, Note_on_c, 0, 58, 0
2, 10295, Note_on_c, 0, 53, 74
2, 10297, Note_on_c, 0, 57, 75
2, 10337, Note_on_c, 0, 53, 0
2, 10373, Note_on_c, 0, 57, 0
2, 10373, Note_on_c, 0, 64, 71
2, 10435, Note_on_c, 0, 54, 78
2, 10440, Note_on_c, 0, 58, 63
2, 10440, Note_on_c, 0, 62, 65
2, 10453, Note_on_c, 0, 64, 0
2, 10480, Note_on_c, 0, 60, 67
2, 10486, Note_on_c, 0, 54, 0
2, 10518, Note_on_c, 0, 62, 0
2, 10543, Control_c, 0, 64, 30
2, 10543, Note_on_c, 0, 58, 0
2, 10567, Note_on_c, 0, 60, 0
2, 10578, Note_on_c, 0, 55, 80
2, 10578, Note_on_c, 0, 59, 75
2, 10626, Note_on_c, 0, 55, 0
2, 10644, Note_on_c, 0, 59, 0
2, 10648, Note_on_c, 0, 65, 68
2, 10703, Note_on_c, 0, 56, 83
2, 10711, Note_on_c, 0, 64, 76
2, 10749, Note_on_c, 0, 65, 0
2, 10753, Note_on_c, 0, 56, 0
2, 10781, Note_on_c, 0, 62, 67
2, 10817, Note_on_c, 0, 64, 0
2, 10874, Note_on_c, 0, 57, 90
2, 10881, Note_on_c, 0, 62, 0
2, 10885, Note_on_c, 0, 60, 76
2, 10945, Control_c, 0, 64, 31
2, 10962, Note_on_c, 0, 67, 74
2, 10971, Note_on_c, 0, 60, 0
2, 11041, Note_on_c, 0, 61, 63
2, 11041, Note_on_c, 0, 65, 62
2, 11065, Note_on_c, 0, 67, 0
2, 11082, Note_on_c, 0, 64, 69
2, 11091, Note_on_c, 0, 57, 0
2, 11098, Control_c, 0, 64, 32
2, 11108, Note_on_c, 0, 61, 0
2, 11133, Note_on_c, 0, 65, 0
2, 11176, Note_on_c, 0, 64, 0
2, 11178, Note_on_c, 0, 62, 78
2, 11182, Note_on_c, 0, 58, 83
2, 11249, Note_on_c, 0, 58, 0
2, 11255, Control_c, 0, 64, 31
2, 11259, Note_on_c, 0, 62, 0
2, 11264, Note_on_c, 0, 69, 70
2, 11290, Note_on_c, 0, 63, 64
2, 11318, Note_on_c, 0, 59, 81
2, 11334, Note_on_c, 0, 67, 65
2, 11345, Note_on_c, 0, 69, 0
2, 11363, Note_on_c, 0, 66, 57
2, 11372, Note_on_c, 0, 59, 0
2, 11392, Note_on_c, 0, 65, 65
2, 11392, Note_on_c, 0, 66, 0
2, 11412, Note_on_c, 0, 67, 0
2, 11434, Note_on_c, 0, 63, 0
2, 11450, Note_on_c, 0, 65, 0
2, 11462, Note_on_c, 0, 60, 80
2, 11471, Note_on_c, 0, 64, 71
2, 11499, Note_on_c, 0, 60, 0
2, 11506, Note_on_c, 0, 64, 0
2, 11566, Note_on_c, 0, 77, 84
2, 11620, Note_on_c, 0, 64, 71
2, 11624, Note_on_c, 0, 56, 74
2, 11638, Note_on_c, 0, 76, 80
2, 11675, Note_on_c, 0, 64, 0
2, 11678, Note_on_c, 0, 77, 0
2, 11680, Note_on_c, 0, 56, 0
2, 11689, Note_on_c, 0, 74, 79
2, 11715, Control_c, 0, 64, 32
2, 11731, Note_on_c, 0, 76, 0
2, 11771, Note_on_c, 0, 74, 0
2, 11773, Control_c, 0, 64, 33
2, 11777, Note_on_c, 0, 72, 85
2, 11782, Note_on_c, 0, 57, 71
2, 11789, Note_on_c, 0, 64, 75
2, 11793, Control_c, 0, 64, 34
2, 11810, Control_c, 0, 64, 35
2, 11841, Note_on_c, 0, 57, 0
2, 11850, Control_c, 0, 64, 36
2, 11850, Note_on_c, 0, 72, 0
2, 11860, Note_on_c, 0, 81, 84
2, 11865, Note_on_c, 0, 64, 0
2, 11869, Control_c, 0, 64, 37
2, 11886, Control_c, 0, 64, 39
2, 11906, Control_c, 0, 64, 42
2, 11925, Note_on_c, 0, 59, 73
2, 11930, Control_c, 0, 64, 46
2, 11930, Note_on_c, 0, 79, 81
2, 11947, Control_c, 0, 64, 49
2, 11966, Control_c, 0, 64, 51
2, 11975, Note_on_c, 0, 81, 0
2, 11981, Control_c, 0, 64, 54
2, 11992, Note_on_c, 0, 77, 83
2, 11999, Note_on_c, 0, 59, 0
2, 12004, Control_c, 0, 64, 56
2, 12020, Control_c, 0, 64, 58
2, 12039, Control_c, 0, 64, 61
2, 12058, Control_c, 0, 64, 64
2, 12080, Note_on_c, 0, 60, 78
2, 12085, Control_c, 0, 64, 67
2, 12085, Note_on_c, 0, 67, 80
2, 12085, Note_on_c, 0, 79, 0
2, 12098, Control_c, 0, 64, 71
2, 12117, Control_c, 0, 64, 78
2, 12124, Note_on_c, 0, 67, 0
2, 12140, Control_c, 0, 64, 85
2, 12140, Note_on_c, 0, 77, 0
2, 12157, Note_on_c, 0, 60, 0
2, 12161, Control_c, 0, 64, 89
2, 12180, Note_on_c, 0, 89, 90
2, 12197, Control_c, 0, 64, 88
2, 12218, Control_c, 0, 64, 81
2, 12238, Control_c, 0, 64, 67
2, 12247, Note_on_c, 0, 56, 80
2, 12247, Note_on_c, 0, 64, 84
2, 12252, Note_on_c, 0, 88, 82
2, 12254, Control_c, 0, 64, 59
2, 12273, Control_c, 0, 64, 56
2, 12296, Control_c, 0, 64, 58
2, 12298, Note_on_c, 0, 89, 0
2, 12310, Note_on_c, 0, 56, 0
2, 12314, Note_on_c, 0, 86, 85
2, 12316, Control_c, 0, 64, 62
2, 12316, Note_on_c, 0, 64, 0
2, 12330, Control_c, 0, 64, 64
2, 12350, Control_c, 0, 64, 67
2, 12360, Note_on_c, 0, 88, 0
2, 12371, Control_c, 0, 64, 72
2, 12389, Control_c, 0, 64, 77
2, 12400, Note_on_c, 0, 64, 85
2, 12400, Note_on_c, 0, 84, 84
2, 12403, Note_on_c, 0, 57, 84
2, 12407, Control_c, 0, 64, 82
2, 12407, Note_on_c, 0, 86, 0
2, 12428, Control_c, 0, 64, 85
2, 12447, Control_c, 0, 64, 86
2, 12466, Note_on_c, 0, 64, 0
2, 12478, Note_on_c, 0, 84, 0
2, 12478, Note_on_c, 0, 93, 89
2, 12489, Note_on_c, 0, 57, 0
2, 12504, Control_c, 0, 64, 82
2, 12524, Control_c, 0, 64, 74
2, 12544, Control_c, 0, 64, 65
2, 12549, Note_on_c, 0, 59, 79
2, 12554, Note_on_c, 0, 91, 80
2, 12563, Control_c, 0, 64, 59
2, 12584, Control_c, 0, 64, 55
2, 12602, Control_c, 0, 64, 53
2, 12617, Note_on_c, 0, 89, 85
2, 12617, Note_on_c, 0, 93, 0
2, 12622, Control_c, 0, 64, 55
2, 12632, Note_on_c, 0, 59, 0
2, 12639, Control_c, 0, 64, 60
2, 12659, Control_c, 0, 64, 64
2, 12668, Note_on_c, 0, 91, 0
2, 12678, Control_c, 0, 64, 67
2, 12695, Control_c, 0, 64, 73
2, 12700, Note_on_c, 0, 88, 93
2, 12709, Note_on_c, 0, 67, 92
2, 12714, Note_on_c, 0, 60, 82
2, 12714, Note_on_c, 0, 89, 0
2, 12716, Control_c, 0, 64, 86
2, 12734, Control_c, 0, 64, 127
2, 12764, Note_on_c, 0, 88, 0
2, 12766, Note_on_c, 0, 67, 0
2, 12785, Note_on_c, 0, 60, 0
2, 12819, Note_on_c, 0, 101, 96
2, 12882, Note_on_c, 0, 56, 83
2, 12886, Note_on_c, 0, 64, 86
2, 12895, Note_on_c, 0, 100, 82
2, 12953, Note_on_c, 0, 56, 0
2, 12953, Note_on_c, 0, 64, 0
2, 12957, Note_on_c, 0, 98, 92
2, 12970, Note_on_c, 0, 101, 0
2, 13012, Note_on_c, 0, 100, 0
2, 13038, Note_on_c, 0, 96, 100
2, 13042, Note_on_c, 0, 64, 94
2, 13047, Note_on_c, 0, 57, 84
2, 13053, Note_on_c, 0, 98, 0
2, 13114, Note_on_c, 0, 64, 0
2, 13122, Note_on_c, 0, 57, 0
2, 13134, Note_on_c, 0, 105, 96
2, 13143, Note_on_c, 0, 96, 0
2, 13197, Note_on_c, 0, 59, 86
2, 13222, Note_on_c, 0, 103, 83
2, 13294, Note_on_c, 0, 105, 0
2, 13303, Note_on_c, 0, 59, 0
2, 13303, Note_on_c, 0, 101, 87
2, 13363, Note_on_c, 0, 60, 92
2, 13365, Note_on_c, 0, 67, 91
2, 13387, Note_on_c, 0, 100, 92
2, 13391, Note_on_c, 0, 103, 0
2, 13410, Note_on_c, 0, 67, 0
2, 13438, Note_on_c, 0, 101, 0
2, 13442, Note_on_c, 0, 60, 0
2, 13480, Note_on_c, 0, 105, 89
2, 13504, Note_on_c, 0, 100, 0
2, 13525, Note_on_c, 0, 105, 0
2, 13569, Note_on_c, 0, 59, 98
2, 13574, Note_on_c, 0, 47, 95
2, 13590, Note_on_c, 0, 103, 101
2, 13601, Note_on_c, 0, 91, 85
2, 13601, Note_on_c, 0, 99, 57
2, 13617, Note_on_c, 0, 93, 70
2, 13622, Note_on_c, 0, 98, 69
2, 13622, Note_on_c, 0, 100, 75
2, 13630, Note_on_c, 0, 99, 0
2, 13645, Note_on_c, 0, 47, 0
2, 13645, Note_on_c, 0, 93, 0
2, 13664, Note_on_c, 0, 100, 0
2, 13666, Note_on_c, 0, 59, 0
2, 13695, Note_on_c, 0, 91, 0
2, 13695, Note_on_c, 0, 98, 0
2, 13695, Note_on_c, 0, 101, 84
2, 13734, Note_on_c, 0, 103, 0
2, 13774, Note_on_c, 0, 100, 80
2, 13787, Note_on_c, 0, 55, 88
2, 13787, Note_on_c, 0, 60, 98
2, 13798, Note_on_c, 0, 48, 87
2, 13798, Note_on_c, 0, 91, 95
2, 13838, Note_on_c, 0, 60, 0
2, 13838, Note_on_c, 0, 101, 0
2, 13856, Note_on_c, 0, 55, 0
2, 13874, Note_on_c, 0, 48, 0
2, 13908, Note_on_c, 0, 91, 0
2, 13908, Note_on_c, 0, 105, 94
2, 13938, Note_on_c, 0, 100, 0
2, 13962, Note_on_c, 0, 105, 0
2, 14007, Note_on_c, 0, 47, 99
2, 14016, Note_on_c, 0, 91, 96
2, 14016, Note_on_c, 0, 103, 96
2, 14021, Note_on_c, 0, 35, 80
2, 14039, Note_on_c, 0, 36, 69
2, 14083, Note_on_c, 0, 35, 0
2, 14087, Note_on_c, 0, 36, 0
2, 14106, Note_on_c, 0, 47, 0
2, 14109, Note_on_c, 0, 101, 88
2, 14152, Note_on_c, 0, 91, 0
2, 14162, Note_on_c, 0, 103, 0
2, 14188, Note_on_c, 0, 101, 0
2, 14231, Control_c, 0, 64, 72
2, 14252, Control_c, 0, 64, 42
2, 14271, Control_c, 0, 64, 0
2, 14285, Note_on_c, 0, 48, 101
2, 14287, Note_on_c, 0, 43, 81
2, 14296, Note_on_c, 0, 36, 92
2, 14296, Note_on_c, 0, 88, 110
2, 14296, Note_on_c, 0, 100, 105
2, 14309, Control_c, 0, 64, 51
2, 14328, Control_c, 0, 64, 78
2, 14350, Control_c, 0, 64, 127
2, 14373, Note_on_c, 0, 100, 0
2, 14385, Note_on_c, 0, 36, 0
2, 14388, Note_on_c, 0, 43, 0
2, 14397, Note_on_c, 0, 48, 0
2, 14408, Note_on_c, 0, 88, 0
2, 14770, Control_c, 0, 64, 106
2, 14792, Control_c, 0, 64, 69
2, 14808, Control_c, 0, 64, 47
2, 14817, Note_on_c, 0, 58, 88
2, 14826, Note_on_c, 0, 76, 95
2, 14834, Note_on_c, 0, 46, 80
2, 14834, Note_on_c, 0, 55, 71
2, 14838, Control_c, 0, 64, 0
2, 14838, Note_on_c, 0, 52, 67
2, 14838, Note_on_c, 0, 64, 97
2, 14838, Note_on_c, 0, 67, 83
2, 14838, Note_on_c, 0, 73, 87
2, 14854, Note_on_c, 0, 49, 54
2, 14866, Control_c, 0, 64, 45
2, 14884, Control_c, 0, 64, 66
2, 14906, Control_c, 0, 64, 94
2, 14906, Note_on_c, 0, 52, 0
2, 14920, Note_on_c, 0, 49, 0
2, 14920, Note_on_c, 0, 55, 0
2, 14920, Note_on_c, 0, 58, 0
2, 14924, Control_c, 0, 64, 127
2, 14924, Note_on_c, 0, 64, 0
2, 14933, Note_on_c, 0, 46, 0
2, 14933, Note_on_c, 0, 67, 0
2, 14954, Note_on_c, 0, 76, 0
2, 14967, Note_on_c, 0, 73, 0
2, 15212, Control_c, 0, 64, 84
2, 15229, Control_c, 0, 64, 59
2, 15246, Note_on_c, 0, 77, 97
2, 15252, Control_c, 0, 64, 22
2, 15257, Note_on_c, 0, 56, 89
2, 15257, Note_on_c, 0, 65, 94
2, 15257, Note_on_c, 0, 68, 85
2, 15257, Note_on_c, 0, 73, 89
2, 15263, Note_on_c, 0, 53, 76
2, 15270, Control_c, 0, 64, 28
2, 15270, Note_on_c, 0, 44, 83
2, 15270, Note_on_c, 0, 49, 71
2, 15290, Control_c, 0, 64, 53
2, 15307, Control_c, 0, 64, 72
2, 15325, Control_c, 0, 64, 127
2, 15329, Note_on_c, 0, 65, 0
2, 15338, Note_on_c, 0, 56, 0
2, 15340, Note_on_c, 0, 49, 0
2, 15344, Note_on_c, 0, 53, 0
2, 15350, Note_on_c, 0, 44, 0
2, 15360, Note_on_c, 0, 68, 0
2, 15364, Note_on_c, 0, 77, 0
2, 15372, Note_on_c, 0, 73, 0
2, 15596, Control_c, 0, 64, 81
2, 15614, Control_c, 0, 64, 58
2, 15635, Control_c, 0, 64, 27
2, 15642, Note_on_c, 0, 80, 101
2, 15644, Note_on_c, 0, 68, 100
2, 15648, Note_on_c, 0, 75, 86
2, 15650, Note_on_c, 0, 54, 91
2, 15662, Control_c, 0, 64, 33
2, 15662, Note_on_c, 0, 42, 83
2, 15662, Note_on_c, 0, 48, 74
2, 15662, Note_on_c, 0, 51, 81
2, 15662, Note_on_c, 0, 72, 76
2, 15672, Control_c, 0, 64, 56
2, 15690, Control_c, 0, 64, 76
2, 15713, Control_c, 0, 64, 127
2, 15720, Note_on_c, 0, 48, 0
2, 15720, Note_on_c, 0, 68, 0
2, 15720, Note_on_c, 0, 72, 0
2, 15724, Note_on_c, 0, 54, 0
2, 15729, Note_on_c, 0, 51, 0
2, 15733, Note_on_c, 0, 75, 0
2, 15745, Note_on_c, 0, 42, 0
2, 15767, Note_on_c, 0, 80, 0
2, 15979, Control_c, 0, 64, 69
2, 15997, Control_c, 0, 64, 47
2, 16021, Control_c, 0, 64, 23
2, 16021, Note_on_c, 0, 73, 110
2, 16021, Note_on_c, 0, 85, 98
2, 16023, Note_on_c, 0, 53, 91
2, 16023, Note_on_c, 0, 80, 90
2, 16028, Note_on_c, 0, 41, 86
2, 16028, Note_on_c, 0, 77, 86
2, 16032, Note_on_c, 0, 49, 77
2, 16037, Control_c, 0, 64, 41
2, 16041, Note_on_c, 0, 44, 69
2, 16057, Control_c, 0, 64, 62
2, 16076, Control_c, 0, 64, 96
2, 16099, Control_c, 0, 64, 127
2, 16099, Note_on_c, 0, 73, 0
2, 16100, Note_on_c, 0, 53, 0
2, 16113, Note_on_c, 0, 77, 0
2, 16118, Note_on_c, 0, 41, 0
2, 16132, Note_on_c, 0, 44, 0
2, 16132, Note_on_c, 0, 49, 0
2, 16140, Note_on_c, 0, 80, 0
2, 16155, Note_on_c, 0, 85, 0
2, 16366, Control_c, 0, 64, 75
2, 16381, Control_c, 0, 64, 52
2, 16399, Note_on_c, 0, 52, 92
2, 16399, Note_on_c, 0, 78, 108
2, 16399, Note_on_c, 0, 90, 104
2, 16407, Note_on_c, 0, 82, 83
2, 16412, Control_c, 0, 64, 0
2, 16412, Note_on_c, 0, 40, 78
2, 16412, Note_on_c, 0, 46, 82
2, 16412, Note_on_c, 0, 49, 83
2, 16412, Note_on_c, 0, 85, 87
2, 16421, Control_c, 0, 64, 16
2, 16439, Control_c, 0, 64, 50
2, 16460, Control_c, 0, 64, 69
2, 16464, Note_on_c, 0, 52, 0
2, 16475, Note_on_c, 0, 78, 0
2, 16479, Control_c, 0, 64, 127
2, 16491, Note_on_c, 0, 40, 0
2, 16507, Note_on_c, 0, 82, 0
2, 16511, Note_on_c, 0, 46, 0
2, 16511, Note_on_c, 0, 49, 0
2, 16514, Note_on_c, 0, 85, 0
2, 16533, Note_on_c, 0, 90, 0
2, 16727, Control_c, 0, 64, 72
2, 16748, Control_c, 0, 64, 51
2, 16755, Note_on_c, 0, 51, 96
2, 16769, Note_on_c, 0, 83, 105
2, 16774, Control_c, 0, 64, 30
2, 16774, Note_on_c, 0, 39, 84
2, 16774, Note_on_c, 0, 47, 80
2, 16774, Note_on_c, 0, 87, 89
2, 16774, Note_on_c, 0, 95, 108
2, 16778, Note_on_c, 0, 42, 72
2, 16778, Note_on_c, 0, 90, 92
2, 16783, Control_c, 0, 64, 47
2, 16800, Control_c, 0, 64, 64
2, 16811, Note_on_c, 0, 92, 35
2, 16820, Control_c, 0, 64, 91
2, 16841, Control_c, 0, 64, 127
2, 16841, Note_on_c, 0, 83, 0
2, 16857, Note_on_c, 0, 39, 0
2, 16857, Note_on_c, 0, 42, 0
2, 16857, Note_on_c, 0, 51, 0
2, 16857, Note_on_c, 0, 92, 0
2, 16866, Note_on_c, 0, 47, 0
2, 16872, Note_on_c, 0, 95, 0
2, 16881, Note_on_c, 0, 87, 0
2, 16881, Note_on_c, 0, 90, 0
2, 17108, Control_c, 0, 64, 68
2, 17126, Control_c, 0, 64, 43
2, 17153, Control_c, 0, 64, 0
2, 17153, Note_on_c, 0, 50, 98
2, 17157, Note_on_c, 0, 44, 88
2, 17157, Note_on_c, 0, 47, 80
2, 17157, Note_on_c, 0, 88, 105
2, 17157, Note_on_c, 0, 92, 86
2, 17157, Note_on_c, 0, 95, 91
2, 17157, Note_on_c, 0, 100, 107
2, 17162, Note_on_c, 0, 38, 88
2, 17164, Control_c, 0, 64, 33
2, 17186, Control_c, 0, 64, 63
2, 17202, Control_c, 0, 64, 100
2, 17217, Note_on_c, 0, 50, 0
2, 17221, Control_c, 0, 64, 127
2, 17230, Note_on_c, 0, 38, 0
2, 17234, Note_on_c, 0, 100, 0
2, 17245, Note_on_c, 0, 47, 0
2, 17255, Note_on_c, 0, 88, 0
2, 17255, Note_on_c, 0, 95, 0
2, 17260, Note_on_c, 0, 44, 0
2, 17277, Note_on_c, 0, 92, 0
2, 17587, Control_c, 0, 64, 65
2, 17606, Control_c, 0, 64, 0
2, 17627, Note_on_c, 0, 49, 96
2, 17627, Note_on_c, 0, 81, 104
2, 17627, Note_on_c, 0, 88, 91
2, 17627, Note_on_c, 0, 93, 106
2, 17633, Note_on_c, 0, 37, 83
2, 17633, Note_on_c, 0, 45, 80
2, 17643, Note_on_c, 0, 40, 67
2, 17663, Control_c, 0, 64, 29
2, 17682, Control_c, 0, 64, 63
2, 17703, Control_c, 0, 64, 109
2, 17719, Control_c, 0, 64, 127
2, 17841, Note_on_c, 0, 81, 0
2, 17849, Note_on_c, 0, 37, 0
2, 17872, Note_on_c, 0, 93, 0
2, 17910, Note_on_c, 0, 49, 0
2, 17915, Note_on_c, 0, 45, 0
2, 17915, Note_on_c, 0, 88, 0
2, 17922, Note_on_c, 0, 40, 0
2, 18280, Control_c, 0, 64, 122
2, 18297, Control_c, 0, 64, 120
2, 18375, Control_c, 0, 64, 116
2, 18392, Control_c, 0, 64, 112
2, 18412, Control_c, 0, 64, 107
2, 18434, Control_c, 0, 64, 101
2, 18452, Control_c, 0, 64, 97
2, 18470, Control_c, 0, 64, 83
2, 18489, Control_c, 0, 64, 65
2, 18509, Control_c, 0, 64, 46
2, 18526, Control_c, 0, 64, 0
2, 18555, Note_on_c, 0, 50, 102
2, 18555, Note_on_c, 0, 101, 108
2, 18559, Note_on_c, 0, 38, 89
2, 18559, Note_on_c, 0, 45, 82
2, 18559, Note_on_c, 0, 89, 104
2, 18559, Note_on_c, 0, 93, 95
2, 18559, Note_on_c, 0, 98, 94
2, 18563, Note_on_c, 0, 41, 79
2, 18566, Control_c, 0, 64, 34
2, 18584, Control_c, 0, 64, 60
2, 18605, Control_c, 0, 64, 81
2, 18624, Control_c, 0, 64, 127
2, 18723, Note_on_c, 0, 101, 0
2, 18776, Note_on_c, 0, 98, 0
2, 18809, Note_on_c, 0, 89, 0
2, 18816, Note_on_c, 0, 38, 0
2, 18825, Note_on_c, 0, 93, 0
2, 18846, Note_on_c, 0, 50, 0
2, 18871, Note_on_c, 0, 41, 0
2, 18887, Note_on_c, 0, 45, 0
2, 19553, Control_c, 0, 64, 90
2, 19569, Control_c, 0, 64, 60
2, 19592, Note_on_c, 0, 53, 97
2, 19594, Control_c, 0, 64, 0
2, 19594, Note_on_c, 0, 58, 92
2, 19594, Note_on_c, 0, 62, 96
2, 19601, Note_on_c, 0, 46, 90
2, 19648, Control_c, 0, 64, 33
2, 19665, Control_c, 0, 64, 62
2, 19683, Control_c, 0, 64, 74
2, 19703, Control_c, 0, 64, 115
2, 19724, Control_c, 0, 64, 127
2, 19747, Note_on_c, 0, 46, 0
2, 19763, Note_on_c, 0, 48, 68
2, 19858, Note_on_c, 0, 48, 0
2, 19866, Note_on_c, 0, 46, 64
2, 19914, Note_on_c, 0, 46, 0
2, 19948, Note_on_c, 0, 48, 53
2, 20013, Note_on_c, 0, 48, 0
2, 20022, Note_on_c, 0, 46, 63
2, 20069, Note_on_c, 0, 46, 0
2, 20098, Note_on_c, 0, 48, 62
2, 20163, Note_on_c, 0, 48, 0
2, 20167, Note_on_c, 0, 46, 67
2, 20202, Note_on_c, 0, 46, 0
2, 20234, Note_on_c, 0, 48, 58
2, 20280, Note_on_c, 0, 46, 70
2, 20313, Note_on_c, 0, 48, 0
2, 20342, Note_on_c, 0, 46, 0
2, 20367, Note_on_c, 0, 48, 57
2, 20425, Note_on_c, 0, 46, 63
2, 20436, Note_on_c, 0, 48, 0
2, 20473, Note_on_c, 0, 46, 0
2, 20496, Note_on_c, 0, 48, 60
2, 20563, Note_on_c, 0, 46, 69
2, 20563, Note_on_c, 0, 48, 0
2, 20600, Note_on_c, 0, 46, 0
2, 20616, Note_on_c, 0, 48, 64
2, 20677, Note_on_c, 0, 46, 74
2, 20701, Note_on_c, 0, 48, 0
2, 20741, Control_c, 0, 64, 115
2, 20759, Control_c, 0, 64, 71
2, 20778, Control_c, 0, 64, 56
2, 20786, Note_on_c, 0, 44, 89
2, 20799, Control_c, 0, 64, 45
2, 20806, Note_on_c, 0, 46, 0
2, 20821, Control_c, 0, 64, 51
2, 20836, Control_c, 0, 64, 63
2, 20856, Control_c, 0, 64, 73
2, 20875, Control_c, 0, 64, 111
2, 20882, Note_on_c, 0, 44, 0
2, 20884, Note_on_c, 0, 46, 74
2, 20895, Control_c, 0, 64, 127
2, 20945, Note_on_c, 0, 53, 0
2, 20959, Note_on_c, 0, 44, 75
2, 20967, Note_on_c, 0, 46, 0
2, 20967, Note_on_c, 0, 62, 0
2, 20992, Note_on_c, 0, 58, 0
2, 21051, Note_on_c, 0, 44, 0
2, 21070, Note_on_c, 0, 46, 73
2, 21124, Note_on_c, 0, 44, 60
2, 21148, Note_on_c, 0, 46, 0
2, 21231, Note_on_c, 0, 46, 66
2, 21262, Note_on_c, 0, 44, 0
2, 21299, Control_c, 0, 64, 78
2, 21317, Control_c, 0, 64, 52
2, 21327, Note_on_c, 0, 46, 0
2, 21334, Note_on_c, 0, 62, 87
2, 21334, Note_on_c, 0, 67, 96
2, 21342, Note_on_c, 0, 43, 78
2, 21346, Control_c, 0, 64, 0
2, 21346, Note_on_c, 0, 53, 90
2, 21346, Note_on_c, 0, 55, 88
2, 21346, Note_on_c, 0, 59, 87
2, 21374, Control_c, 0, 64, 37
2, 21394, Control_c, 0, 64, 58
2, 21413, Note_on_c, 0, 43, 0
2, 21417, Control_c, 0, 64, 70
2, 21431, Control_c, 0, 64, 92
2, 21443, Note_on_c, 0, 44, 82
2, 21451, Control_c, 0, 64, 127
2, 21515, Note_on_c, 0, 42, 62
2, 21533, Note_on_c, 0, 44, 0
2, 21550, Note_on_c, 0, 43, 68
2, 21554, Note_on_c, 0, 42, 0
2, 21595, Note_on_c, 0, 43, 0
2, 21601, Note_on_c, 0, 44, 67
2, 21682, Note_on_c, 0, 43, 73
2, 21695, Note_on_c, 0, 44, 0
2, 21781, Control_c, 0, 64, 78
2, 21792, Note_on_c, 0, 41, 91
2, 21796, Control_c, 0, 64, 58
2, 21812, Note_on_c, 0, 43, 0
2, 21816, Control_c, 0, 64, 43
2, 21834, Control_c, 0, 64, 49
2, 21855, Control_c, 0, 64, 61
2, 21872, Control_c, 0, 64, 74
2, 21877, Note_on_c, 0, 41, 0
2, 21896, Control_c, 0, 64, 118
2, 21896, Note_on_c, 0, 43, 72
2, 21911, Control_c, 0, 64, 127
2, 21966, Note_on_c, 0, 41, 72
2, 21979, Note_on_c, 0, 43, 0
2, 22030, Note_on_c, 0, 41, 0
2, 22054, Note_on_c, 0, 43, 65
2, 22105, Note_on_c, 0, 41, 68
2, 22133, Note_on_c, 0, 43, 0
2, 22168, Note_on_c, 0, 41, 0
2, 22179, Control_c, 0, 64, 115
2, 22197, Control_c, 0, 64, 68
2, 22210, Note_on_c, 0, 38, 90
2, 22215, Control_c, 0, 64, 49
2, 22237, Control_c, 0, 64, 42
2, 22254, Control_c, 0, 64, 53
2, 22275, Control_c, 0, 64, 68
2, 22292, Control_c, 0, 64, 91
2, 22307, Note_on_c, 0, 38, 0
2, 22312, Control_c, 0, 64, 127
2, 22326, Note_on_c, 0, 40, 69
2, 22400, Note_on_c, 0, 38, 65
2, 22404, Note_on_c, 0, 40, 0
2, 22469, Note_on_c, 0, 38, 0
2, 22503, Note_on_c, 0, 40, 60
2, 22552, Note_on_c, 0, 38, 69
2, 22560, Note_on_c, 0, 40, 0
2, 22604, Note_on_c, 0, 38, 0
2, 22619, Control_c, 0, 64, 73
2, 22639, Control_c, 0, 64, 51
2, 22660, Control_c, 0, 64, 0
2, 22660, Note_on_c, 0, 35, 93
2, 22698, Control_c, 0, 64, 47
2, 22716, Control_c, 0, 64, 65
2, 22733, Control_c, 0, 64, 85
2, 22752, Control_c, 0, 64, 127
2, 22770, Note_on_c, 0, 35, 0
2, 22783, Note_on_c, 0, 36, 76
2, 22868, Note_on_c, 0, 36, 0
2, 22875, Note_on_c, 0, 35, 67
2, 22959, Note_on_c, 0, 35, 0
2, 22973, Note_on_c, 0, 36, 69
2, 23026, Note_on_c, 0, 35, 51
2, 23046, Note_on_c, 0, 36, 0
2, 23095, Note_on_c, 0, 35, 0
2, 23124, Note_on_c, 0, 36, 60
2, 23191, Note_on_c, 0, 36, 0
2, 23197, Note_on_c, 0, 35, 64
2, 23257, Note_on_c, 0, 35, 0
2, 23271, Control_c, 0, 64, 79
2, 23292, Control_c, 0, 64, 56
2, 23300, Note_on_c, 0, 31, 90
2, 23311, Control_c, 0, 64, 0
2, 23348, Control_c, 0, 64, 41
2, 23367, Control_c, 0, 64, 62
2, 23385, Control_c, 0, 64, 83
2, 23406, Control_c, 0, 64, 127
2, 23457, Note_on_c, 0, 31, 0
2, 23461, Note_on_c, 0, 33, 66
2, 23555, Note_on_c, 0, 33, 0
2, 23567, Note_on_c, 0, 31, 63
2, 23632, Note_on_c, 0, 31, 0
2, 23658, Note_on_c, 0, 33, 59
2, 23720, Note_on_c, 0, 33, 0
2, 23737, Note_on_c, 0, 31, 58
2, 23783, Note_on_c, 0, 31, 0
2, 23823, Note_on_c, 0, 33, 62
2, 23873, Note_on_c, 0, 31, 66
2, 23878, Note_on_c, 0, 33, 0
2, 23929, Note_on_c, 0, 31, 0
2, 23959, Control_c, 0, 64, 122
2, 23966, Note_on_c, 0, 33, 64
2, 23978, Control_c, 0, 64, 112
2, 23998, Control_c, 0, 64, 107
2, 24015, Control_c, 0, 64, 103
2, 24019, Note_on_c, 0, 31, 65
2, 24028, Note_on_c, 0, 33, 0
2, 24035, Control_c, 0, 64, 99
2, 24053, Control_c, 0, 64, 96
2, 24073, Note_on_c, 0, 31, 0
2, 24075, Control_c, 0, 64, 94
2, 24095, Control_c, 0, 64, 91
2, 24107, Note_on_c, 0, 33, 61
2, 24111, Control_c, 0, 64, 90
2, 24129, Control_c, 0, 64, 88
2, 24150, Control_c, 0, 64, 87
2, 24158, Note_on_c, 0, 33, 0
2, 24171, Control_c, 0, 64, 86
2, 24176, Note_on_c, 0, 31, 63
2, 24188, Control_c, 0, 64, 85
2, 24207, Control_c, 0, 64, 83
2, 24222, Note_on_c, 0, 31, 0
2, 24226, Control_c, 0, 64, 81
2, 24246, Control_c, 0, 64, 79
2, 24251, Note_on_c, 0, 33, 62
2, 24268, Control_c, 0, 64, 78
2, 24285, Control_c, 0, 64, 77
2, 24294, Note_on_c, 0, 33, 0
2, 24306, Control_c, 0, 64, 76
2, 24306, Note_on_c, 0, 31, 65
2, 24324, Control_c, 0, 64, 75
2, 24344, Control_c, 0, 64, 74
2, 24344, Note_on_c, 0, 31, 0
2, 24362, Control_c, 0, 64, 73
2, 24386, Note_on_c, 0, 33, 66
2, 24399, Control_c, 0, 64, 72
2, 24418, Control_c, 0, 64, 71
2, 24425, Note_on_c, 0, 31, 60
2, 24441, Control_c, 0, 64, 70
2, 24458, Control_c, 0, 64, 69
2, 24462, Note_on_c, 0, 33, 0
2, 24478, Note_on_c, 0, 31, 0
2, 24553, Control_c, 0, 64, 68
2, 24576, Note_on_c, 0, 31, 60
2, 24611, Control_c, 0, 64, 67
2, 24668, Control_c, 0, 64, 66
2, 24696, Note_on_c, 0, 30, 71
2, 24722, Note_on_c, 0, 31, 0
2, 24766, Control_c, 0, 64, 65
2, 24782, Note_on_c, 0, 30, 0
2, 24803, Control_c, 0, 64, 64
2, 24856, Note_on_c, 0, 31, 75
2, 24933, Note_on_c, 0, 31, 0
2, 24958, Control_c, 0, 64, 63
2, 25006, Note_on_c, 0, 32, 77
2, 25087, Note_on_c, 0, 32, 0
2, 25110, Control_c, 0, 64, 62
2, 25160, Note_on_c, 0, 33, 82
2, 25169, Control_c, 0, 64, 61
2, 25236, Note_on_c, 0, 33, 0
2, 25264, Control_c, 0, 64, 60
2, 25315, Note_on_c, 0, 34, 83
2, 25342, Control_c, 0, 64, 59
2, 25380, Control_c, 0, 64, 58
2, 25408, Note_on_c, 0, 34, 0
2, 25417, Control_c, 0, 64, 57
2, 25435, Control_c, 0, 64, 56
2, 25457, Control_c, 0, 64, 55
2, 25474, Control_c, 0, 64, 51
2, 25481, Note_on_c, 0, 35, 85
2, 25497, Control_c, 0, 64, 47
2, 25515, Control_c, 0, 64, 41
2, 25534, Control_c, 0, 64, 37
2, 25534, Note_on_c, 0, 35, 0
2, 25554, Control_c, 0, 64, 36
2, 25590, Control_c, 0, 64, 38
2, 25610, Control_c, 0, 64, 43
2, 25627, Control_c, 0, 64, 50
2, 25647, Control_c, 0, 64, 57
2, 25666, Control_c, 0, 64, 61
2, 25688, Control_c, 0, 64, 63
2, 25704, Control_c, 0, 64, 65
2, 25721, Note_on_c, 0, 36, 86
2, 25726, Control_c, 0, 64, 70
2, 25746, Control_c, 0, 64, 80
2, 25764, Control_c, 0, 64, 109
2, 25781, Control_c, 0, 64, 127
2, 25800, Note_on_c, 0, 67, 0
2, 25825, Note_on_c, 0, 62, 0
2, 25830, Note_on_c, 0, 59, 0
2, 25881, Note_on_c, 0, 40, 78
2, 25947, Note_on_c, 0, 36, 0
2, 25964, Note_on_c, 0, 55, 0
2, 25982, Note_on_c, 0, 43, 80
2, 25984, Note_on_c, 0, 53, 0
2, 26068, Note_on_c, 0, 48, 82
2, 26119, Note_on_c, 0, 40, 0
2, 26134, Note_on_c, 0, 43, 0
2, 26164, Note_on_c, 0, 48, 0
2, 26183, Note_on_c, 0, 52, 80
2, 26259, Note_on_c, 0, 55, 78
2, 26282, Note_on_c, 0, 52, 0
2, 26358, Note_on_c, 0, 60, 82
2, 26384, Note_on_c, 0, 55, 0
2, 26443, Note_on_c, 0, 64, 82
2, 26456, Note_on_c, 0, 59, 15
2, 26497, Note_on_c, 0, 60, 0
2, 26514, Control_c, 0, 64, 98
2, 26519, Note_on_c, 0, 59, 0
2, 26532, Control_c, 0, 64, 73
2, 26546, Note_on_c, 0, 64, 0
2, 26553, Control_c, 0, 64, 62
2, 26564, Note_on_c, 0, 56, 78
2, 26564, Note_on_c, 0, 68, 96
2, 26571, Control_c, 0, 64, 55
2, 26587, Control_c, 0, 64, 54
2, 26607, Control_c, 0, 64, 58
2, 26626, Control_c, 0, 64, 62
2, 26645, Control_c, 0, 64, 66
2, 26665, Control_c, 0, 64, 72
2, 26686, Control_c, 0, 64, 88
2, 26697, Note_on_c, 0, 71, 75
2, 26706, Control_c, 0, 64, 127
2, 26782, Note_on_c, 0, 74, 74
2, 26787, Note_on_c, 0, 71, 0
2, 26793, Note_on_c, 0, 56, 0
2, 26796, Note_on_c, 0, 68, 0
2, 26875, Note_on_c, 0, 80, 74
2, 26879, Note_on_c, 0, 74, 0
2, 26899, Note_on_c, 0, 62, 37
2, 26918, Control_c, 0, 64, 115
2, 26931, Note_on_c, 0, 55, 65
2, 26940, Control_c, 0, 64, 82
2, 26948, Note_on_c, 0, 80, 0
2, 26961, Control_c, 0, 64, 64
2, 26965, Note_on_c, 0, 59, 44
2, 26965, Note_on_c, 0, 65, 64
2, 26974, Note_on_c, 0, 67, 76
2, 26979, Control_c, 0, 64, 59
2, 26996, Control_c, 0, 64, 61
2, 26996, Note_on_c, 0, 79, 79
2, 27014, Control_c, 0, 64, 66
2, 27033, Control_c, 0, 64, 73
2, 27038, Note_on_c, 0, 62, 0
2, 27043, Note_on_c, 0, 67, 0
2, 27052, Control_c, 0, 64, 93
2, 27055, Note_on_c, 0, 65, 0
2, 27064, Note_on_c, 0, 59, 0
2, 27075, Control_c, 0, 64, 127
2, 27092, Note_on_c, 0, 55, 0
2, 27093, Note_on_c, 0, 79, 0
2, 27100, Note_on_c, 0, 83, 69
2, 27190, Note_on_c, 0, 86, 78
2, 27225, Note_on_c, 0, 83, 0
2, 27289, Note_on_c, 0, 91, 76
2, 27296, Note_on_c, 0, 86, 0
2, 27340, Control_c, 0, 64, 89
2, 27360, Control_c, 0, 64, 66
2, 27366, Note_on_c, 0, 91, 0
2, 27379, Control_c, 0, 64, 57
2, 27397, Control_c, 0, 64, 54
2, 27397, Note_on_c, 0, 36, 72
2, 27418, Control_c, 0, 64, 57
2, 27437, Control_c, 0, 64, 63
2, 27458, Control_c, 0, 64, 67
2, 27473, Control_c, 0, 64, 74
2, 27496, Control_c, 0, 64, 91
2, 27514, Control_c, 0, 64, 127
2, 27514, Note_on_c, 0, 40, 72
2, 27585, Note_on_c, 0, 43, 77
2, 27674, Note_on_c, 0, 48, 79
2, 27696, Note_on_c, 0, 36, 0
2, 27727, Note_on_c, 0, 43, 0
2, 27736, Note_on_c, 0, 40, 0
2, 27761, Note_on_c, 0, 48, 0
2, 27765, Note_on_c, 0, 52, 84
2, 27857, Note_on_c, 0, 55, 82
2, 27871, Note_on_c, 0, 52, 0
2, 27950, Note_on_c, 0, 60, 86
2, 27973, Note_on_c, 0, 55, 0
2, 27995, Note_on_c, 0, 59, 58
2, 28035, Note_on_c, 0, 64, 91
2, 28064, Note_on_c, 0, 59, 0
2, 28079, Note_on_c, 0, 60, 0
2, 28094, Control_c, 0, 64, 78
2, 28114, Control_c, 0, 64, 63
2, 28118, Note_on_c, 0, 64, 0
2, 28132, Control_c, 0, 64, 57
2, 28145, Note_on_c, 0, 56, 79
2, 28145, Note_on_c, 0, 68, 101
2, 28154, Control_c, 0, 64, 59
2, 28170, Control_c, 0, 64, 63
2, 28179, Note_on_c, 0, 56, 0
2, 28191, Control_c, 0, 64, 69
2, 28205, Note_on_c, 0, 57, 60
2, 28210, Control_c, 0, 64, 79
2, 28228, Control_c, 0, 64, 107
2, 28244, Note_on_c, 0, 71, 78
2, 28250, Control_c, 0, 64, 127
2, 28254, Note_on_c, 0, 58, 23
2, 28295, Note_on_c, 0, 57, 0
2, 28306, Note_on_c, 0, 58, 0
2, 28325, Note_on_c, 0, 74, 78
2, 28329, Note_on_c, 0, 71, 0
2, 28360, Note_on_c, 0, 68, 0
2, 28414, Note_on_c, 0, 80, 76
2, 28423, Note_on_c, 0, 74, 0
2, 28482, Note_on_c, 0, 62, 40
2, 28490, Note_on_c, 0, 80, 0
2, 28497, Note_on_c, 0, 55, 69
2, 28499, Control_c, 0, 64, 92
2, 28504, Note_on_c, 0, 59, 51
2, 28518, Control_c, 0, 64, 68
2, 28518, Note_on_c, 0, 65, 69
2, 28537, Control_c, 0, 64, 60
2, 28537, Note_on_c, 0, 67, 81
2, 28537, Note_on_c, 0, 79, 77
2, 28555, Control_c, 0, 64, 59
2, 28573, Control_c, 0, 64, 64
2, 28594, Control_c, 0, 64, 71
2, 28607, Note_on_c, 0, 67, 0
2, 28612, Control_c, 0, 64, 97
2, 28619, Note_on_c, 0, 62, 0
2, 28619, Note_on_c, 0, 65, 0
2, 28636, Control_c, 0, 64, 127
2, 28636, Note_on_c, 0, 83, 74
2, 28640, Note_on_c, 0, 59, 0
2, 28640, Note_on_c, 0, 79, 0
2, 28657, Note_on_c, 0, 55, 0
2, 28719, Note_on_c, 0, 86, 77
2, 28747, Note_on_c, 0, 83, 0
2, 28812, Note_on_c, 0, 91, 77
2, 28816, Note_on_c, 0, 86, 0
2, 28878, Note_on_c, 0, 91, 0
2, 28900, Control_c, 0, 64, 88
2, 28920, Control_c, 0, 64, 66
2, 28932, Note_on_c, 0, 36, 74
2, 28938, Control_c, 0, 64, 55
2, 28958, Control_c, 0, 64, 51
2, 28977, Control_c, 0, 64, 55
2, 28999, Control_c, 0, 64, 61
2, 29015, Control_c, 0, 64, 66
2, 29028, Note_on_c, 0, 40, 71
2, 29034, Control_c, 0, 64, 73
2, 29053, Control_c, 0, 64, 86
2, 29075, Control_c, 0, 64, 127
2, 29096, Note_on_c, 0, 43, 79
2, 29160, Note_on_c, 0, 36, 0
2, 29185, Note_on_c, 0, 48, 83
2, 29243, Note_on_c, 0, 40, 0
2, 29247, Note_on_c, 0, 43, 0
2, 29276, Note_on_c, 0, 48, 0
2, 29289, Note_on_c, 0, 52, 84
2, 29372, Note_on_c, 0, 52, 0
2, 29377, Note_on_c, 0, 55, 83
2, 29464, Note_on_c, 0, 60, 85
2, 29485, Note_on_c, 0, 55, 0
2, 29534, Note_on_c, 0, 59, 44
2, 29547, Note_on_c, 0, 64, 85
2, 29578, Note_on_c, 0, 59, 0
2, 29599, Note_on_c, 0, 60, 0
2, 29612, Control_c, 0, 64, 86
2, 29621, Note_on_c, 0, 64, 0
2, 29630, Control_c, 0, 64, 65
2, 29648, Control_c, 0, 64, 54
2, 29669, Control_c, 0, 64, 50
2, 29683, Note_on_c, 0, 57, 80
2, 29683, Note_on_c, 0, 69, 93
2, 29687, Control_c, 0, 64, 53
2, 29687, Note_on_c, 0, 60, 53
2, 29687, Note_on_c, 0, 64, 75
2, 29707, Control_c, 0, 64, 61
2, 29726, Control_c, 0, 64, 65
2, 29745, Control_c, 0, 64, 69
2, 29765, Control_c, 0, 64, 77
2, 29779, Note_on_c, 0, 72, 82
2, 29783, Control_c, 0, 64, 88
2, 29802, Control_c, 0, 64, 127
2, 29855, Note_on_c, 0, 76, 83
2, 29869, Note_on_c, 0, 72, 0
2, 29957, Note_on_c, 0, 81, 81
2, 29968, Note_on_c, 0, 76, 0
2, 30043, Note_on_c, 0, 84, 79
2, 30052, Note_on_c, 0, 81, 0
2, 30070, Note_on_c, 0, 84, 0
2, 30135, Note_on_c, 0, 88, 86
2, 30179, Note_on_c, 0, 64, 0
2, 30214, Note_on_c, 0, 93, 92
2, 30225, Note_on_c, 0, 69, 0
2, 30240, Note_on_c, 0, 88, 0
2, 30245, Note_on_c, 0, 60, 0
2, 30295, Note_on_c, 0, 57, 0
2, 30295, Note_on_c, 0, 100, 90
2, 30313, Note_on_c, 0, 93, 0
2, 30361, Control_c, 0, 64, 94
2, 30379, Control_c, 0, 64, 72
2, 30398, Control_c, 0, 64, 62
2, 30403, Note_on_c, 0, 96, 87
2, 30407, Note_on_c, 0, 60, 69
2, 30414, Note_on_c, 0, 67, 98
2, 30420, Control_c, 0, 64, 60
2, 30420, Note_on_c, 0, 64, 88
2, 30423, Note_on_c, 0, 55, 81
2, 30437, Control_c, 0, 64, 63
2, 30445, Note_on_c, 0, 100, 0
2, 30456, Control_c, 0, 64, 68
2, 30475, Control_c, 0, 64, 79
2, 30495, Control_c, 0, 64, 127
2, 30502, Note_on_c, 0, 91, 84
2, 30538, Note_on_c, 0, 96, 0
2, 30590, Note_on_c, 0, 91, 0
2, 30594, Note_on_c, 0, 88, 83
2, 30636, Note_on_c, 0, 88, 0
2, 30693, Note_on_c, 0, 84, 83
2, 30783, Note_on_c, 0, 79, 90
2, 30823, Note_on_c, 0, 84, 0
2, 30845, Note_on_c, 0, 67, 0
2, 30862, Note_on_c, 0, 79, 0
2, 30866, Note_on_c, 0, 64, 0
2, 30866, Note_on_c, 0, 76, 91
2, 30885, Note_on_c, 0, 55, 0
2, 30889, Note_on_c, 0, 60, 0
2, 30918, Note_on_c, 0, 76, 0
2, 30952, Note_on_c, 0, 72, 93
2, 31044, Note_on_c, 0, 67, 91
2, 31085, Note_on_c, 0, 72, 0
2, 31108, Control_c, 0, 64, 97
2, 31128, Control_c, 0, 64, 70
2, 31138, Note_on_c, 0, 67, 0
2, 31147, Control_c, 0, 64, 57
2, 31158, Note_on_c, 0, 57, 84
2, 31158, Note_on_c, 0, 64, 101
2, 31160, Note_on_c, 0, 60, 82
2, 31165, Note_on_c, 0, 52, 85
2, 31169, Control_c, 0, 64, 48
2, 31184, Control_c, 0, 64, 50
2, 31203, Control_c, 0, 64, 57
2, 31222, Control_c, 0, 64, 63
2, 31240, Note_on_c, 0, 69, 77
2, 31244, Control_c, 0, 64, 67
2, 31262, Control_c, 0, 64, 75
2, 31281, Control_c, 0, 64, 87
2, 31300, Control_c, 0, 64, 127
2, 31329, Note_on_c, 0, 72, 89
2, 31334, Note_on_c, 0, 69, 0
2, 31415, Note_on_c, 0, 76, 88
2, 31461, Note_on_c, 0, 72, 0
2, 31497, Note_on_c, 0, 64, 0
2, 31503, Note_on_c, 0, 81, 89
2, 31517, Note_on_c, 0, 76, 0
2, 31533, Note_on_c, 0, 60, 0
2, 31533, Note_on_c, 0, 81, 0
2, 31544, Note_on_c, 0, 57, 0
2, 31561, Note_on_c, 0, 52, 0
2, 31599, Note_on_c, 0, 84, 88
2, 31675, Note_on_c, 0, 88, 95
2, 31690, Note_on_c, 0, 84, 0
2, 31751, Note_on_c, 0, 96, 94
2, 31774, Note_on_c, 0, 88, 0
2, 31820, Control_c, 0, 64, 92
2, 31838, Control_c, 0, 64, 68
2, 31850, Note_on_c, 0, 60, 96
2, 31852, Note_on_c, 0, 55, 83
2, 31859, Control_c, 0, 64, 59
2, 31859, Note_on_c, 0, 48, 83
2, 31859, Note_on_c, 0, 91, 85
2, 31863, Note_on_c, 0, 52, 80
2, 31878, Control_c, 0, 64, 57
2, 31895, Control_c, 0, 64, 61
2, 31899, Note_on_c, 0, 96, 0
2, 31915, Control_c, 0, 64, 66
2, 31933, Control_c, 0, 64, 72
2, 31951, Note_on_c, 0, 88, 87
2, 31953, Control_c, 0, 64, 88
2, 31971, Control_c, 0, 64, 127
2, 31992, Note_on_c, 0, 91, 0
2, 32037, Note_on_c, 0, 84, 85
2, 32037, Note_on_c, 0, 88, 0
2, 32087, Note_on_c, 0, 84, 0
2, 32135, Note_on_c, 0, 79, 93
2, 32209, Note_on_c, 0, 60, 0
2, 32218, Note_on_c, 0, 76, 89
2, 32246, Note_on_c, 0, 52, 0
2, 32250, Note_on_c, 0, 55, 0
2, 32250, Note_on_c, 0, 79, 0
2, 32260, Note_on_c, 0, 48, 0
2, 32290, Note_on_c, 0, 76, 0
2, 32294, Note_on_c, 0, 72, 90
2, 32330, Note_on_c, 0, 72, 0
2, 32376, Note_on_c, 0, 67, 94
2, 32459, Note_on_c, 0, 64, 86
2, 32478, Note_on_c, 0, 67, 0
2, 32490, Control_c, 0, 64, 112
2, 32508, Control_c, 0, 64, 90
2, 32530, Control_c, 0, 64, 69
2, 32547, Control_c, 0, 64, 56
2, 32558, Note_on_c, 0, 64, 0
2, 32569, Control_c, 0, 64, 44
2, 32569, Note_on_c, 0, 57, 104
2, 32574, Note_on_c, 0, 52, 87
2, 32576, Note_on_c, 0, 45, 86
2, 32581, Note_on_c, 0, 48, 76
2, 32590, Control_c, 0, 64, 43
2, 32605, Control_c, 0, 64, 51
2, 32624, Control_c, 0, 64, 60
2, 32645, Note_on_c, 0, 60, 79
2, 32650, Control_c, 0, 64, 65
2, 32663, Control_c, 0, 64, 70
2, 32684, Control_c, 0, 64, 80
2, 32701, Control_c, 0, 64, 115
2, 32725, Control_c, 0, 64, 127
2, 32725, Note_on_c, 0, 60, 0
2, 32725, Note_on_c, 0, 64, 86
2, 32823, Note_on_c, 0, 64, 0
2, 32828, Note_on_c, 0, 69, 81
2, 32903, Note_on_c, 0, 72, 93
2, 32910, Note_on_c, 0, 69, 0
2, 32929, Note_on_c, 0, 72, 0
2, 32937, Note_on_c, 0, 57, 0
2, 32969, Note_on_c, 0, 52, 0
2, 32980, Note_on_c, 0, 48, 0
2, 32991, Note_on_c, 0, 76, 93
2, 32996, Note_on_c, 0, 45, 0
2, 33075, Note_on_c, 0, 81, 89
2, 33098, Note_on_c, 0, 76, 0
2, 33161, Note_on_c, 0, 88, 89
2, 33178, Note_on_c, 0, 81, 0
2, 33221, Control_c, 0, 64, 77
2, 33241, Control_c, 0, 64, 62
2, 33247, Note_on_c, 0, 48, 80
2, 33247, Note_on_c, 0, 55, 101
2, 33252, Note_on_c, 0, 43, 90
2, 33252, Note_on_c, 0, 52, 90
2, 33259, Control_c, 0, 64, 54
2, 33263, Note_on_c, 0, 84, 86
2, 33277, Control_c, 0, 64, 56
2, 33296, Control_c, 0, 64, 63
2, 33305, Note_on_c, 0, 88, 0
2, 33315, Control_c, 0, 64, 69
2, 33335, Control_c, 0, 64, 82
2, 33353, Note_on_c, 0, 79, 90
2, 33358, Control_c, 0, 64, 127
2, 33403, Note_on_c, 0, 84, 0
2, 33439, Note_on_c, 0, 76, 88
2, 33439, Note_on_c, 0, 79, 0
2, 33489, Note_on_c, 0, 76, 0
2, 33532, Note_on_c, 0, 72, 91
2, 33588, Note_on_c, 0, 55, 0
2, 33620, Note_on_c, 0, 52, 0
2, 33620, Note_on_c, 0, 67, 86
2, 33641, Note_on_c, 0, 48, 0
2, 33648, Note_on_c, 0, 43, 0
2, 33648, Note_on_c, 0, 72, 0
2, 33686, Note_on_c, 0, 67, 0
2, 33691, Note_on_c, 0, 64, 87
2, 33728, Note_on_c, 0, 64, 0
2, 33780, Note_on_c, 0, 60, 89
2, 33859, Note_on_c, 0, 55, 87
2, 33898, Note_on_c, 0, 60, 0
2, 33930, Control_c, 0, 64, 96
2, 33951, Control_c, 0, 64, 67
2, 33951, Note_on_c, 0, 55, 0
2, 33966, Note_on_c, 0, 52, 103
2, 33972, Control_c, 0, 64, 48
2, 33977, Note_on_c, 0, 40, 82
2, 33977, Note_on_c, 0, 45, 83
2, 33977, Note_on_c, 0, 48, 85
2, 33988, Control_c, 0, 64, 36
2, 34010, Control_c, 0, 64, 42
2, 34027, Control_c, 0, 64, 55
2, 34044, Control_c, 0, 64, 64
2, 34065, Control_c, 0, 64, 73
2, 34069, Note_on_c, 0, 57, 87
2, 34086, Control_c, 0, 64, 90
2, 34103, Control_c, 0, 64, 127
2, 34161, Note_on_c, 0, 57, 0
2, 34166, Note_on_c, 0, 60, 92
2, 34249, Note_on_c, 0, 64, 89
2, 34273, Note_on_c, 0, 52, 0
2, 34297, Note_on_c, 0, 60, 0
2, 34310, Note_on_c, 0, 48, 0
2, 34321, Note_on_c, 0, 45, 0
2, 34342, Note_on_c, 0, 69, 92
2, 34346, Note_on_c, 0, 40, 0
2, 34351, Note_on_c, 0, 64, 0
2, 34367, Note_on_c, 0, 69, 0
2, 34432, Note_on_c, 0, 72, 96
2, 34515, Note_on_c, 0, 76, 95
2, 34530, Note_on_c, 0, 72, 0
2, 34590, Note_on_c, 0, 84, 89
2, 34610, Note_on_c, 0, 76, 0
2, 34641, Control_c, 0, 64, 101
2, 34659, Control_c, 0, 64, 66
2, 34670, Note_on_c, 0, 48, 103
2, 34673, Note_on_c, 0, 43, 92
2, 34679, Control_c, 0, 64, 54
2, 34679, Note_on_c, 0, 36, 88
2, 34684, Note_on_c, 0, 40, 74
2, 34684, Note_on_c, 0, 79, 88
2, 34697, Control_c, 0, 64, 51
2, 34720, Control_c, 0, 64, 57
2, 34720, Note_on_c, 0, 84, 0
2, 34736, Control_c, 0, 64, 64
2, 34751, Note_on_c, 0, 81, 18
2, 34756, Control_c, 0, 64, 72
2, 34763, Note_on_c, 0, 76, 89
2, 34777, Control_c, 0, 64, 97
2, 34796, Control_c, 0, 64, 127
2, 34800, Note_on_c, 0, 81, 0
2, 34809, Note_on_c, 0, 79, 0
2, 34834, Note_on_c, 0, 72, 89
2, 34841, Note_on_c, 0, 76, 0
2, 34887, Note_on_c, 0, 72, 0
2, 34936, Note_on_c, 0, 67, 89
2, 35002, Note_on_c, 0, 69, 7
2, 35006, Note_on_c, 0, 64, 94
2, 35011, Note_on_c, 0, 48, 0
2, 35030, Note_on_c, 0, 67, 0
2, 35043, Note_on_c, 0, 43, 0
2, 35047, Note_on_c, 0, 40, 0
2, 35056, Note_on_c, 0, 36, 0
2, 35064, Note_on_c, 0, 69, 0
2, 35074, Note_on_c, 0, 60, 87
2, 35078, Note_on_c, 0, 64, 0
2, 35130, Note_on_c, 0, 60, 0
2, 35162, Note_on_c, 0, 55, 93
2, 35226, Note_on_c, 0, 57, 15
2, 35244, Note_on_c, 0, 52, 91
2, 35255, Note_on_c, 0, 55, 0
2, 35286, Note_on_c, 0, 57, 0
2, 35316, Control_c, 0, 64, 94
2, 35327, Note_on_c, 0, 52, 0
2, 35331, Control_c, 0, 64, 64
2, 35352, Control_c, 0, 64, 35
2, 35356, Note_on_c, 0, 45, 100
2, 35358, Note_on_c, 0, 40, 82
2, 35363, Note_on_c, 0, 33, 89
2, 35372, Control_c, 0, 64, 0
2, 35372, Note_on_c, 0, 36, 81
2, 35387, Control_c, 0, 64, 13
2, 35406, Control_c, 0, 64, 41
2, 35424, Control_c, 0, 64, 59
2, 35441, Control_c, 0, 64, 68
2, 35446, Note_on_c, 0, 48, 80
2, 35461, Control_c, 0, 64, 81
2, 35479, Control_c, 0, 64, 127
2, 35533, Note_on_c, 0, 48, 0
2, 35536, Note_on_c, 0, 52, 86
2, 35643, Note_on_c, 0, 52, 0
2, 35643, Note_on_c, 0, 57, 87
2, 35726, Note_on_c, 0, 60, 95
2, 35730, Note_on_c, 0, 45, 0
2, 35735, Note_on_c, 0, 57, 0
2, 35751, Note_on_c, 0, 60, 0
2, 35769, Note_on_c, 0, 40, 0
2, 35776, Note_on_c, 0, 36, 0
2, 35791, Note_on_c, 0, 33, 0
2, 35817, Note_on_c, 0, 64, 95
2, 35908, Note_on_c, 0, 69, 92
2, 35944, Note_on_c, 0, 64, 0
2, 35982, Note_on_c, 0, 76, 92
2, 36012, Note_on_c, 0, 69, 0
2, 36077, Control_c, 0, 64, 86
2, 36096, Control_c, 0, 64, 62
2, 36109, Note_on_c, 0, 43, 101
2, 36121, Control_c, 0, 64, 47
2, 36121, Note_on_c, 0, 31, 86
2, 36121, Note_on_c, 0, 36, 87
2, 36121, Note_on_c, 0, 40, 88
2, 36121, Note_on_c, 0, 72, 95
2, 36134, Control_c, 0, 64, 43
2, 36155, Control_c, 0, 64, 53
2, 36160, Note_on_c, 0, 76, 0
2, 36172, Control_c, 0, 64, 68
2, 36190, Control_c, 0, 64, 102
2, 36209, Control_c, 0, 64, 127
2, 36218, Note_on_c, 0, 67, 89
2, 36267, Note_on_c, 0, 72, 0
2, 36307, Note_on_c, 0, 64, 89
2, 36312, Note_on_c, 0, 67, 0
2, 36364, Note_on_c, 0, 64, 0
2, 36415, Note_on_c, 0, 60, 91
2, 36489, Note_on_c, 0, 43, 0
2, 36509, Note_on_c, 0, 55, 88
2, 36525, Note_on_c, 0, 31, 0
2, 36525, Note_on_c, 0, 40, 0
2, 36542, Note_on_c, 0, 36, 0
2, 36542, Note_on_c, 0, 60, 0
2, 36588, Note_on_c, 0, 55, 0
2, 36592, Note_on_c, 0, 52, 90
2, 36633, Note_on_c, 0, 52, 0
2, 36682, Note_on_c, 0, 48, 93
2, 36773, Note_on_c, 0, 43, 88
2, 36824, Note_on_c, 0, 48, 0
2, 36864, Note_on_c, 0, 43, 0
2, 36884, Control_c, 0, 64, 93
2, 36901, Control_c, 0, 64, 60
2, 36919, Control_c, 0, 64, 0
2, 36926, Note_on_c, 0, 41, 106
2, 36930, Note_on_c, 0, 36, 88
2, 36932, Note_on_c, 0, 29, 92
2, 36941, Note_on_c, 0, 33, 80
2, 36978, Control_c, 0, 64, 38
2, 36997, Control_c, 0, 64, 66
2, 37017, Control_c, 0, 64, 100
2, 37036, Control_c, 0, 64, 127
2, 37105, Note_on_c, 0, 45, 86
2, 37192, Note_on_c, 0, 45, 0
2, 37218, Note_on_c, 0, 48, 89
2, 37320, Note_on_c, 0, 53, 91
2, 37331, Note_on_c, 0, 48, 0
2, 37420, Note_on_c, 0, 57, 93
2, 37440, Note_on_c, 0, 53, 0
2, 37459, Note_on_c, 0, 57, 0
2, 37519, Note_on_c, 0, 60, 92
2, 37622, Note_on_c, 0, 65, 89
2, 37634, Note_on_c, 0, 60, 0
2, 37715, Note_on_c, 0, 69, 88
2, 37726, Note_on_c, 0, 65, 0
2, 37813, Note_on_c, 0, 72, 93
2, 37826, Note_on_c, 0, 69, 0
2, 37838, Note_on_c, 0, 72, 0
2, 37911, Note_on_c, 0, 76, 92
2, 37913, Note_on_c, 0, 77, 86
2, 37937, Note_on_c, 0, 41, 0
2, 37986, Note_on_c, 0, 29, 0
2, 37986, Note_on_c, 0, 36, 0
2, 37990, Note_on_c, 0, 81, 89
2, 37997, Note_on_c, 0, 76, 0
2, 38007, Note_on_c, 0, 77, 0
2, 38009, Note_on_c, 0, 33, 0
2, 38057, Note_on_c, 0, 84, 86
2, 38109, Note_on_c, 0, 81, 0
2, 38124, Note_on_c, 0, 89, 94
2, 38150, Note_on_c, 0, 84, 0
2, 38173, Note_on_c, 0, 89, 0
2, 38189, Control_c, 0, 64, 99
2, 38210, Control_c, 0, 64, 66
2, 38227, Control_c, 0, 64, 52
2, 38243, Note_on_c, 0, 41, 101
2, 38247, Control_c, 0, 64, 60
2, 38252, Note_on_c, 0, 36, 82
2, 38257, Note_on_c, 0, 29, 89
2, 38257, Note_on_c, 0, 93, 99
2, 38260, Note_on_c, 0, 33, 79
2, 38260, Note_on_c, 0, 84, 94
2, 38268, Control_c, 0, 64, 74
2, 38268, Note_on_c, 0, 89, 88
2, 38289, Control_c, 0, 64, 127
2, 38298, Note_on_c, 0, 29, 0
2, 38305, Note_on_c, 0, 33, 0
2, 38317, Note_on_c, 0, 36, 0
2, 38336, Note_on_c, 0, 41, 0
2, 38336, Note_on_c, 0, 84, 0
2, 38367, Note_on_c, 0, 96, 98
2, 38377, Note_on_c, 0, 89, 0
2, 38390, Note_on_c, 0, 93, 0
2, 38489, Note_on_c, 0, 89, 94
2, 38529, Note_on_c, 0, 96, 0
2, 38588, Note_on_c, 0, 84, 86
2, 38634, Note_on_c, 0, 66, 21
2, 38645, Note_on_c, 0, 89, 0
2, 38661, Note_on_c, 0, 84, 0
2, 38679, Note_on_c, 0, 66, 0
2, 38721, Note_on_c, 0, 69, 104
2, 38726, Note_on_c, 0, 65, 85
2, 38728, Note_on_c, 0, 57, 93
2, 38735, Note_on_c, 0, 84, 92
2, 38735, Note_on_c, 0, 93, 110
2, 38739, Note_on_c, 0, 60, 80
2, 38739, Note_on_c, 0, 89, 95
2, 38774, Note_on_c, 0, 69, 0
2, 38792, Note_on_c, 0, 65, 0
2, 38816, Note_on_c, 0, 57, 0
2, 38816, Note_on_c, 0, 60, 0
2, 38840, Note_on_c, 0, 84, 0
2, 38867, Note_on_c, 0, 96, 98
2, 38884, Note_on_c, 0, 89, 0
2, 38884, Note_on_c, 0, 93, 0
2, 38994, Note_on_c, 0, 89, 92
2, 39041, Note_on_c, 0, 96, 0
2, 39107, Note_on_c, 0, 84, 83
2, 39180, Note_on_c, 0, 89, 0
2, 39189, Note_on_c, 0, 84, 0
2, 39193, Control_c, 0, 64, 86
2, 39215, Control_c, 0, 64, 60
2, 39233, Control_c, 0, 64, 42
2, 39242, Note_on_c, 0, 41, 104
2, 39246, Note_on_c, 0, 36, 83
2, 39262, Note_on_c, 0, 29, 86
2, 39262, Note_on_c, 0, 33, 78
2, 39262, Note_on_c, 0, 89, 89
2, 39262, Note_on_c, 0, 93, 104
2, 39271, Note_on_c, 0, 84, 78
2, 39271, Note_on_c, 0, 91, 67
2, 39275, Control_c, 0, 64, 55
2, 39289, Control_c, 0, 64, 66
2, 39305, Note_on_c, 0, 91, 0
2, 39309, Control_c, 0, 64, 80
2, 39328, Control_c, 0, 64, 127
2, 39352, Note_on_c, 0, 84, 0
2, 39390, Note_on_c, 0, 89, 0
2, 39411, Note_on_c, 0, 93, 0
2, 39465, Note_on_c, 0, 98, 102
2, 39494, Note_on_c, 0, 41, 0
2, 39534, Note_on_c, 0, 36, 0
2, 39545, Note_on_c, 0, 33, 0
2, 39567, Note_on_c, 0, 29, 0
2, 39580, Note_on_c, 0, 98, 0
2, 39669, Note_on_c, 0, 89, 105
2, 39850, Note_on_c, 0, 89, 0
2, 39855, Note_on_c, 0, 84, 98
2, 40020, Note_on_c, 0, 84, 0
2, 40032, Control_c, 0, 64, 68
2, 40050, Control_c, 0, 64, 38
2, 40069, Control_c, 0, 64, 15
2, 40073, Note_on_c, 0, 36, 100
2, 40081, Note_on_c, 0, 24, 99
2, 40090, Control_c, 0, 64, 46
2, 40110, Control_c, 0, 64, 68
2, 40127, Control_c, 0, 64, 127
2, 40134, Note_on_c, 0, 24, 0
2, 40160, Note_on_c, 0, 36, 0
2, 40422, Note_on_c, 0, 40, 83
2, 40588, Note_on_c, 0, 43, 96
2, 40632, Note_on_c, 0, 40, 0
2, 40771, Note_on_c, 0, 48, 92
2, 40811, Note_on_c, 0, 43, 0
2, 40837, Note_on_c, 0, 48, 0
2, 41139, Note_on_c, 0, 72, 106
2, 41139, Note_on_c, 0, 100, 105
2, 41144, Note_on_c, 0, 60, 92
2, 41144, Note_on_c, 0, 67, 88
2, 41144, Note_on_c, 0, 88, 105
2, 41144, Note_on_c, 0, 91, 95
2, 41148, Note_on_c, 0, 64, 88
2, 43304, Note_on_c, 0, 100, 0
2, 43320, Control_c, 0, 64, 68
2, 43320, Note_on_c, 0, 60, 0
2, 43320, Note_on_c, 0, 72, 0
2, 43340, Control_c, 0, 64, 40
2, 43340, Note_on_c, 0, 64, 0
2, 43340, Note_on_c, 0, 67, 0
2, 43340, Note_on_c, 0, 88, 0
2, 43349, Note_on_c, 0, 91, 0
2, 43354, Control_c, 0, 64, 0
2, 43355, End_track
0, 0, End_of_file