0, 0, Header, 1, 2, 384
1, 0, Start_track
1, 0, Tempo, 500000
1, 0, Time_signature, 4, 2, 24, 8
1, 1, End_track
2, 0, Start_track
2, 0, Title_t, "Lin08-12.MID"
2, 0, Program_c, 0, 0
2, 0, Control_c, 0, 64, 0
2, 0, Control_c, 0, 66, 0
2, 0, Control_c, 0, 67, 0
2, 802, Note_on_c, 0, 69, 55
2, 838, Note_on_c, 0, 69, 0
2, 1029, Note_on_c, 0, 74, 56
2, 1032, Note_on_c, 0, 65, 37
2, 1035, Note_on_c, 0, 62, 36
2, 1246, Note_on_c, 0, 74, 0
2, 1250, Note_on_c, 0, 76, 59
2, 1455, Note_on_c, 0, 77, 64
2, 1461, Note_on_c, 0, 76, 0
2, 1637, Note_on_c, 0, 65, 0
2, 1639, Note_on_c, 0, 62, 0
2, 1650, Note_on_c, 0, 77, 0
2, 1652, Note_on_c, 0, 61, 43
2, 1665, Note_on_c, 0, 76, 62
2, 1668, Note_on_c, 0, 64, 42
2, 1840, Note_on_c, 0, 76, 0
2, 1854, Note_on_c, 0, 81, 68
2, 1880, Note_on_c, 0, 81, 0
2, 2049, Note_on_c, 0, 61, 0
2, 2056, Note_on_c, 0, 64, 0
2, 2056, Note_on_c, 0, 69, 72
2, 2085, Note_on_c, 0, 69, 0
2, 2261, Note_on_c, 0, 79, 59
2, 2274, Note_on_c, 0, 62, 44
2, 2293, Note_on_c, 0, 79, 0
2, 2304, Note_on_c, 0, 77, 67
2, 2360, Note_on_c, 0, 77, 0
2, 2369, Note_on_c, 0, 79, 68
2, 2415, Note_on_c, 0, 62, 0
2, 2418, Note_on_c, 0, 79, 0
2, 2427, Note_on_c, 0, 77, 58
2, 2437, Note_on_c, 0, 65, 42
2, 2462, Note_on_c, 0, 79, 60
2, 2469, Note_on_c, 0, 77, 0
2, 2519, Note_on_c, 0, 65, 0
2, 2531, Note_on_c, 0, 79, 0
2, 2549, Note_on_c, 0, 77, 44
2, 2555, Note_on_c, 0, 69, 40
2, 2560, Note_on_c, 0, 79, 52
2, 2573, Note_on_c, 0, 77, 0
2, 2625, Note_on_c, 0, 79, 0
2, 2653, Note_on_c, 0, 77, 53
2, 2665, Note_on_c, 0, 79, 58
2, 2677, Note_on_c, 0, 77, 0
2, 2740, Note_on_c, 0, 79, 0
2, 2745, Note_on_c, 0, 77, 67
2, 2788, Note_on_c, 0, 69, 0
2, 2803, Note_on_c, 0, 77, 0
2, 2817, Note_on_c, 0, 76, 60
2, 2837, Note_on_c, 0, 60, 31
2, 3002, Note_on_c, 0, 60, 0
2, 3024, Note_on_c, 0, 64, 53
2, 3163, Note_on_c, 0, 64, 0
2, 3203, Note_on_c, 0, 81, 69
2, 3204, Note_on_c, 0, 76, 0
2, 3216, Note_on_c, 0, 69, 49
2, 3235, Note_on_c, 0, 81, 0
2, 3363, Note_on_c, 0, 69, 0
2, 3405, Note_on_c, 0, 79, 70
2, 3417, Note_on_c, 0, 62, 47
2, 3422, Note_on_c, 0, 58, 38
2, 3447, Note_on_c, 0, 79, 0
2, 3613, Note_on_c, 0, 82, 68
2, 3648, Note_on_c, 0, 62, 0
2, 3695, Note_on_c, 0, 58, 0
2, 3700, Note_on_c, 0, 81, 71
2, 3721, Note_on_c, 0, 82, 0
2, 3787, Note_on_c, 0, 79, 71
2, 3826, Note_on_c, 0, 81, 0
2, 3867, Note_on_c, 0, 77, 75
2, 3880, Note_on_c, 0, 79, 0
2, 3963, Note_on_c, 0, 77, 0
2, 3972, Note_on_c, 0, 76, 66
2, 3981, Note_on_c, 0, 62, 40
2, 3986, Note_on_c, 0, 55, 39
2, 3989, Note_on_c, 0, 64, 44
2, 4012, Note_on_c, 0, 76, 0
2, 4192, Note_on_c, 0, 79, 63
2, 4212, Note_on_c, 0, 64, 0
2, 4233, Note_on_c, 0, 55, 0
2, 4240, Note_on_c, 0, 62, 0
2, 4290, Note_on_c, 0, 77, 68
2, 4342, Note_on_c, 0, 79, 0
2, 4375, Note_on_c, 0, 76, 70
2, 4411, Note_on_c, 0, 77, 0
2, 4472, Note_on_c, 0, 74, 63
2, 4477, Note_on_c, 0, 76, 0
2, 4518, Note_on_c, 0, 74, 0
2, 4567, Note_on_c, 0, 57, 54
2, 4571, Note_on_c, 0, 74, 64
2, 4608, Note_on_c, 0, 57, 0
2, 4766, Note_on_c, 0, 61, 59
2, 4809, Note_on_c, 0, 61, 0
2, 4965, Note_on_c, 0, 64, 61
2, 4980, Note_on_c, 0, 74, 0
2, 4981, Note_on_c, 0, 73, 62
2, 5005, Note_on_c, 0, 64, 0
2, 5191, Note_on_c, 0, 69, 63
2, 5212, Note_on_c, 0, 73, 0
2, 5271, Note_on_c, 0, 69, 0
2, 5281, Note_on_c, 0, 67, 68
2, 5368, Note_on_c, 0, 67, 0
2, 5371, Note_on_c, 0, 65, 67
2, 5460, Note_on_c, 0, 64, 55
2, 5462, Note_on_c, 0, 65, 0
2, 5542, Note_on_c, 0, 81, 70
2, 5547, Note_on_c, 0, 64, 0
2, 5551, Note_on_c, 0, 62, 62
2, 5582, Note_on_c, 0, 62, 0
2, 5586, Note_on_c, 0, 81, 0
2, 5765, Note_on_c, 0, 72, 82
2, 5772, Note_on_c, 0, 67, 64
2, 5963, Note_on_c, 0, 72, 0
2, 5980, Note_on_c, 0, 70, 70
2, 6001, Note_on_c, 0, 67, 0
2, 6007, Note_on_c, 0, 70, 0
2, 6166, Note_on_c, 0, 79, 69
2, 6177, Note_on_c, 0, 67, 67
2, 6200, Note_on_c, 0, 79, 0
2, 6208, Note_on_c, 0, 67, 0
2, 6376, Note_on_c, 0, 65, 67
2, 6376, Note_on_c, 0, 70, 72
2, 6576, Note_on_c, 0, 70, 0
2, 6582, Note_on_c, 0, 69, 68
2, 6600, Note_on_c, 0, 65, 0
2, 6609, Note_on_c, 0, 69, 0
2, 6760, Note_on_c, 0, 65, 62
2, 6771, Note_on_c, 0, 77, 62
2, 6798, Note_on_c, 0, 65, 0
2, 6805, Note_on_c, 0, 77, 0
2, 6974, Note_on_c, 0, 69, 67
2, 6977, Note_on_c, 0, 64, 54
2, 7168, Note_on_c, 0, 69, 0
2, 7172, Note_on_c, 0, 67, 62
2, 7201, Note_on_c, 0, 67, 0
2, 7212, Note_on_c, 0, 64, 0
2, 7365, Note_on_c, 0, 64, 53
2, 7375, Note_on_c, 0, 76, 53
2, 7399, Note_on_c, 0, 64, 0
2, 7400, Note_on_c, 0, 76, 0
2, 7562, Note_on_c, 0, 67, 49
2, 7567, Note_on_c, 0, 62, 47
2, 7740, Note_on_c, 0, 67, 0
2, 7752, Note_on_c, 0, 65, 53
2, 7768, Note_on_c, 0, 62, 0
2, 7777, Note_on_c, 0, 65, 0
2, 7940, Note_on_c, 0, 74, 52
2, 7955, Note_on_c, 0, 62, 46
2, 7973, Note_on_c, 0, 74, 0
2, 7984, Note_on_c, 0, 62, 0
2, 8147, Note_on_c, 0, 65, 48
2, 8160, Note_on_c, 0, 60, 40
2, 8315, Note_on_c, 0, 65, 0
2, 8337, Note_on_c, 0, 64, 46
2, 8340, Control_c, 0, 67, 8
2, 8354, Control_c, 0, 67, 12
2, 8360, Note_on_c, 0, 60, 0
2, 8362, Note_on_c, 0, 64, 0
2, 8370, Control_c, 0, 67, 18
2, 8385, Control_c, 0, 67, 27
2, 8400, Control_c, 0, 67, 38
2, 8415, Control_c, 0, 67, 50
2, 8430, Control_c, 0, 67, 66
2, 8446, Control_c, 0, 67, 79
2, 8461, Control_c, 0, 67, 94
2, 8475, Control_c, 0, 67, 113
2, 8491, Control_c, 0, 67, 127
2, 8508, Note_on_c, 0, 60, 48
2, 8522, Note_on_c, 0, 72, 45
2, 8547, Note_on_c, 0, 60, 0
2, 8551, Note_on_c, 0, 72, 0
2, 8709, Note_on_c, 0, 64, 49
2, 8710, Note_on_c, 0, 58, 41
2, 8888, Note_on_c, 0, 64, 0
2, 8917, Note_on_c, 0, 62, 46
2, 8934, Note_on_c, 0, 58, 0
2, 8942, Note_on_c, 0, 62, 0
2, 9103, Note_on_c, 0, 58, 47
2, 9109, Note_on_c, 0, 70, 48
2, 9133, Note_on_c, 0, 70, 0
2, 9136, Note_on_c, 0, 58, 0
2, 9299, Note_on_c, 0, 57, 40
2, 9315, Note_on_c, 0, 60, 49
2, 9487, Note_on_c, 0, 60, 0
2, 9490, Note_on_c, 0, 57, 0
2, 9511, Note_on_c, 0, 58, 45
2, 9513, Note_on_c, 0, 62, 51
2, 9583, Note_on_c, 0, 64, 59
2, 9587, Note_on_c, 0, 58, 0
2, 9587, Note_on_c, 0, 62, 0
2, 9606, Note_on_c, 0, 60, 53
2, 9630, Note_on_c, 0, 64, 0
2, 9648, Note_on_c, 0, 60, 0
2, 9674, Note_on_c, 0, 62, 43
2, 9678, Note_on_c, 0, 65, 63
2, 9740, Note_on_c, 0, 65, 0
2, 9755, Note_on_c, 0, 67, 63
2, 9759, Note_on_c, 0, 62, 0
2, 9759, Note_on_c, 0, 64, 59
2, 9833, Note_on_c, 0, 64, 0
2, 9846, Note_on_c, 0, 69, 69
2, 9847, Note_on_c, 0, 67, 0
2, 9853, Note_on_c, 0, 65, 64
2, 9871, Note_on_c, 0, 69, 0
2, 9882, Note_on_c, 0, 65, 0
2, 10045, Note_on_c, 0, 67, 61
2, 10047, Note_on_c, 0, 64, 56
2, 10073, Note_on_c, 0, 64, 0
2, 10077, Note_on_c, 0, 67, 0
2, 10229, Note_on_c, 0, 62, 56
2, 10232, Note_on_c, 0, 65, 61
2, 10267, Note_on_c, 0, 62, 0
2, 10269, Note_on_c, 0, 65, 0
2, 10431, Note_on_c, 0, 60, 49
2, 10433, Note_on_c, 0, 64, 62
2, 10505, Note_on_c, 0, 60, 0
2, 10513, Note_on_c, 0, 64, 0
2, 10521, Note_on_c, 0, 62, 59
2, 10523, Note_on_c, 0, 65, 65
2, 10611, Note_on_c, 0, 67, 71
2, 10612, Note_on_c, 0, 62, 0
2, 10619, Note_on_c, 0, 65, 0
2, 10620, Note_on_c, 0, 64, 57
2, 10655, Note_on_c, 0, 67, 0
2, 10687, Note_on_c, 0, 64, 0
2, 10687, Note_on_c, 0, 65, 55
2, 10695, Note_on_c, 0, 69, 73
2, 10733, Note_on_c, 0, 65, 0
2, 10767, Note_on_c, 0, 67, 59
2, 10775, Note_on_c, 0, 69, 0
2, 10776, Note_on_c, 0, 70, 77
2, 10795, Control_c, 0, 67, 123
2, 10810, Control_c, 0, 67, 78
2, 10825, Control_c, 0, 67, 0
2, 10850, Note_on_c, 0, 69, 60
2, 10851, Note_on_c, 0, 67, 0
2, 10856, Note_on_c, 0, 72, 66
2, 10857, Note_on_c, 0, 70, 0
2, 10926, Note_on_c, 0, 69, 0
2, 10935, Note_on_c, 0, 74, 72
2, 10938, Note_on_c, 0, 72, 0
2, 10941, Note_on_c, 0, 70, 73
2, 10965, Note_on_c, 0, 70, 0
2, 10969, Note_on_c, 0, 74, 0
2, 11134, Note_on_c, 0, 69, 69
2, 11137, Note_on_c, 0, 72, 71
2, 11170, Note_on_c, 0, 72, 0
2, 11171, Note_on_c, 0, 69, 0
2, 11326, Note_on_c, 0, 70, 70
2, 11327, Note_on_c, 0, 67, 63
2, 11361, Note_on_c, 0, 67, 0
2, 11365, Note_on_c, 0, 70, 0
2, 11522, Note_on_c, 0, 65, 61
2, 11523, Note_on_c, 0, 69, 73
2, 11665, Note_on_c, 0, 69, 0
2, 11709, Note_on_c, 0, 65, 0
2, 11710, Note_on_c, 0, 70, 68
2, 11728, Note_on_c, 0, 67, 55
2, 11788, Note_on_c, 0, 72, 73
2, 11794, Note_on_c, 0, 70, 0
2, 11798, Note_on_c, 0, 69, 63
2, 11810, Note_on_c, 0, 67, 0
2, 11841, Note_on_c, 0, 72, 0
2, 11864, Note_on_c, 0, 70, 68
2, 11868, Note_on_c, 0, 69, 0
2, 11874, Note_on_c, 0, 74, 73
2, 11938, Note_on_c, 0, 70, 0
2, 11964, Note_on_c, 0, 72, 64
2, 11966, Note_on_c, 0, 76, 78
2, 11967, Note_on_c, 0, 74, 0
2, 12047, Note_on_c, 0, 74, 77
2, 12047, Note_on_c, 0, 77, 88
2, 12052, Note_on_c, 0, 72, 0
2, 12054, Note_on_c, 0, 76, 0
2, 12083, Note_on_c, 0, 74, 0
2, 12083, Note_on_c, 0, 77, 0
2, 12245, Note_on_c, 0, 76, 78
2, 12246, Note_on_c, 0, 72, 74
2, 12275, Note_on_c, 0, 72, 0
2, 12285, Note_on_c, 0, 76, 0
2, 12427, Note_on_c, 0, 70, 69
2, 12433, Note_on_c, 0, 74, 69
2, 12463, Note_on_c, 0, 70, 0
2, 12468, Note_on_c, 0, 74, 0
2, 12625, Note_on_c, 0, 69, 65
2, 12625, Note_on_c, 0, 72, 73
2, 12702, Note_on_c, 0, 72, 0
2, 12721, Note_on_c, 0, 74, 71
2, 12722, Note_on_c, 0, 69, 0
2, 12724, Note_on_c, 0, 70, 58
2, 12802, Note_on_c, 0, 70, 0
2, 12805, Note_on_c, 0, 76, 74
2, 12807, Note_on_c, 0, 72, 62
2, 12810, Note_on_c, 0, 74, 0
2, 12864, Note_on_c, 0, 76, 0
2, 12880, Note_on_c, 0, 74, 61
2, 12881, Note_on_c, 0, 72, 0
2, 12887, Note_on_c, 0, 77, 76
2, 12956, Note_on_c, 0, 74, 0
2, 12957, Note_on_c, 0, 79, 81
2, 12962, Note_on_c, 0, 77, 0
2, 12981, Note_on_c, 0, 76, 68
2, 13045, Note_on_c, 0, 76, 0
2, 13070, Note_on_c, 0, 79, 0
2, 13073, Note_on_c, 0, 81, 74
2, 13110, Note_on_c, 0, 77, 65
2, 13132, Note_on_c, 0, 82, 74
2, 13141, Note_on_c, 0, 77, 0
2, 13144, Note_on_c, 0, 81, 0
2, 13151, Note_on_c, 0, 79, 61
2, 13161, Note_on_c, 0, 84, 85
2, 13177, Note_on_c, 0, 79, 0
2, 13180, Note_on_c, 0, 82, 0
2, 13190, Note_on_c, 0, 84, 0
2, 13193, Note_on_c, 0, 81, 70
2, 13223, Note_on_c, 0, 81, 0
2, 13351, Note_on_c, 0, 82, 89
2, 13383, Note_on_c, 0, 82, 0
2, 13385, Note_on_c, 0, 79, 54
2, 13419, Note_on_c, 0, 79, 0
2, 13533, Note_on_c, 0, 81, 87
2, 13536, Note_on_c, 0, 77, 68
2, 13561, Note_on_c, 0, 77, 0
2, 13582, Note_on_c, 0, 81, 0
2, 13733, Note_on_c, 0, 60, 62
2, 13734, Note_on_c, 0, 81, 75
2, 13789, Control_c, 0, 64, 66
2, 13805, Control_c, 0, 64, 77
2, 13814, Note_on_c, 0, 81, 0
2, 13819, Control_c, 0, 64, 90
2, 13830, Note_on_c, 0, 79, 71
2, 13834, Control_c, 0, 64, 102
2, 13850, Control_c, 0, 64, 110
2, 13865, Control_c, 0, 64, 113
2, 13880, Control_c, 0, 64, 114
2, 13893, Note_on_c, 0, 79, 0
2, 13895, Note_on_c, 0, 81, 73
2, 13896, Control_c, 0, 64, 114
2, 13911, Control_c, 0, 64, 113
2, 13926, Control_c, 0, 64, 101
2, 13941, Control_c, 0, 64, 83
2, 13952, Note_on_c, 0, 81, 0
2, 13956, Control_c, 0, 64, 33
2, 13962, Note_on_c, 0, 79, 69
2, 13972, Control_c, 0, 64, 0
2, 14019, Note_on_c, 0, 79, 0
2, 14019, Note_on_c, 0, 81, 70
2, 14076, Note_on_c, 0, 81, 0
2, 14080, Note_on_c, 0, 79, 67
2, 14130, Note_on_c, 0, 81, 67
2, 14137, Note_on_c, 0, 79, 0
2, 14184, Note_on_c, 0, 81, 0
2, 14193, Note_on_c, 0, 79, 63
2, 14249, Note_on_c, 0, 81, 72
2, 14252, Note_on_c, 0, 79, 0
2, 14261, Note_on_c, 0, 60, 0
2, 14302, Note_on_c, 0, 64, 44
2, 14310, Note_on_c, 0, 67, 44
2, 14311, Note_on_c, 0, 79, 68
2, 14333, Note_on_c, 0, 81, 0
2, 14479, Note_on_c, 0, 84, 75
2, 14480, Note_on_c, 0, 79, 0
2, 14501, Note_on_c, 0, 84, 0
2, 14675, Note_on_c, 0, 72, 72
2, 14707, Note_on_c, 0, 72, 0
2, 14734, Note_on_c, 0, 67, 0
2, 14861, Note_on_c, 0, 64, 0
2, 14879, Note_on_c, 0, 76, 65
2, 14889, Note_on_c, 0, 65, 49
2, 14893, Note_on_c, 0, 69, 51
2, 14908, Note_on_c, 0, 76, 0
2, 14921, Note_on_c, 0, 74, 63
2, 14988, Note_on_c, 0, 74, 0
2, 15008, Note_on_c, 0, 76, 58
2, 15033, Note_on_c, 0, 76, 0
2, 15040, Note_on_c, 0, 74, 53
2, 15084, Note_on_c, 0, 74, 0
2, 15088, Note_on_c, 0, 76, 72
2, 15140, Note_on_c, 0, 74, 56
2, 15177, Note_on_c, 0, 76, 0
2, 15180, Note_on_c, 0, 69, 0
2, 15256, Note_on_c, 0, 74, 0
2, 15268, Note_on_c, 0, 72, 67
2, 15312, Note_on_c, 0, 72, 0
2, 15433, Note_on_c, 0, 65, 0
2, 15467, Note_on_c, 0, 64, 40
2, 15481, Note_on_c, 0, 67, 36
2, 15487, Note_on_c, 0, 72, 70
2, 15661, Control_c, 0, 67, 10
2, 15662, Note_on_c, 0, 72, 0
2, 15673, Note_on_c, 0, 84, 63
2, 15676, Control_c, 0, 67, 18
2, 15691, Control_c, 0, 67, 32
2, 15700, Note_on_c, 0, 84, 0
2, 15706, Control_c, 0, 67, 47
2, 15721, Control_c, 0, 67, 64
2, 15737, Control_c, 0, 67, 83
2, 15752, Control_c, 0, 67, 108
2, 15775, Control_c, 0, 67, 127
2, 15878, Note_on_c, 0, 72, 62
2, 15896, Note_on_c, 0, 67, 0
2, 15907, Note_on_c, 0, 72, 0
2, 16046, Note_on_c, 0, 64, 0
2, 16078, Note_on_c, 0, 65, 46
2, 16078, Note_on_c, 0, 76, 59
2, 16092, Note_on_c, 0, 69, 44
2, 16106, Note_on_c, 0, 76, 0
2, 16120, Note_on_c, 0, 74, 60
2, 16167, Note_on_c, 0, 74, 0
2, 16177, Note_on_c, 0, 76, 73
2, 16224, Note_on_c, 0, 76, 0
2, 16236, Note_on_c, 0, 74, 56
2, 16276, Note_on_c, 0, 74, 0
2, 16279, Note_on_c, 0, 76, 60
2, 16326, Note_on_c, 0, 76, 0
2, 16332, Note_on_c, 0, 74, 49
2, 16426, Note_on_c, 0, 74, 0
2, 16441, Note_on_c, 0, 69, 0
2, 16449, Note_on_c, 0, 72, 61
2, 16497, Note_on_c, 0, 72, 0
2, 16639, Note_on_c, 0, 65, 0
2, 16669, Note_on_c, 0, 64, 39
2, 16673, Note_on_c, 0, 72, 69
2, 16681, Note_on_c, 0, 67, 44
2, 16706, Note_on_c, 0, 64, 0
2, 16826, Note_on_c, 0, 72, 0
2, 16850, Note_on_c, 0, 84, 69
2, 16867, Note_on_c, 0, 62, 44
2, 16879, Note_on_c, 0, 84, 0
2, 16900, Note_on_c, 0, 62, 0
2, 17042, Note_on_c, 0, 82, 69
2, 17046, Note_on_c, 0, 60, 41
2, 17075, Note_on_c, 0, 67, 0
2, 17083, Note_on_c, 0, 60, 0
2, 17085, Note_on_c, 0, 82, 0
2, 17134, Control_c, 0, 67, 114
2, 17149, Control_c, 0, 67, 66
2, 17165, Control_c, 0, 67, 12
2, 17179, Control_c, 0, 67, 0
2, 17240, Note_on_c, 0, 65, 49
2, 17242, Note_on_c, 0, 69, 53
2, 17259, Note_on_c, 0, 81, 57
2, 17446, Note_on_c, 0, 81, 0
2, 17452, Note_on_c, 0, 79, 65
2, 17461, Note_on_c, 0, 65, 0
2, 17479, Note_on_c, 0, 79, 0
2, 17618, Note_on_c, 0, 58, 46
2, 17629, Note_on_c, 0, 77, 67
2, 17647, Note_on_c, 0, 58, 0
2, 17657, Note_on_c, 0, 77, 0
2, 17824, Note_on_c, 0, 77, 71
2, 17827, Note_on_c, 0, 60, 51
2, 18011, Note_on_c, 0, 69, 0
2, 18032, Note_on_c, 0, 77, 0
2, 18032, Note_on_c, 0, 79, 59
2, 18058, Note_on_c, 0, 79, 0
2, 18211, Note_on_c, 0, 76, 61
2, 18213, Note_on_c, 0, 67, 61
2, 18228, Note_on_c, 0, 60, 0
2, 18241, Note_on_c, 0, 76, 0
2, 18246, Note_on_c, 0, 67, 0
2, 18392, Note_on_c, 0, 65, 61
2, 18393, Note_on_c, 0, 79, 65
2, 18427, Note_on_c, 0, 65, 0
2, 18455, Note_on_c, 0, 79, 0
2, 18481, Note_on_c, 0, 77, 65
2, 18542, Note_on_c, 0, 77, 0
2, 18561, Note_on_c, 0, 60, 63
2, 18561, Note_on_c, 0, 79, 61
2, 18592, Note_on_c, 0, 60, 0
2, 18595, Note_on_c, 0, 79, 0
2, 18614, Note_on_c, 0, 77, 63
2, 18673, Note_on_c, 0, 77, 0
2, 18678, Note_on_c, 0, 79, 62
2, 18715, Note_on_c, 0, 79, 0
2, 18735, Note_on_c, 0, 53, 57
2, 18735, Note_on_c, 0, 77, 61
2, 18767, Note_on_c, 0, 53, 0
2, 18783, Note_on_c, 0, 77, 0
2, 18785, Note_on_c, 0, 79, 61
2, 18830, Note_on_c, 0, 79, 0
2, 18863, Note_on_c, 0, 77, 65
2, 18907, Note_on_c, 0, 77, 0
2, 18919, Note_on_c, 0, 79, 57
2, 18975, Note_on_c, 0, 77, 66
2, 18982, Note_on_c, 0, 79, 0
2, 18989, Note_on_c, 0, 48, 48
2, 19155, Note_on_c, 0, 77, 0
2, 19169, Note_on_c, 0, 79, 73
2, 19191, Note_on_c, 0, 79, 0
2, 19329, Note_on_c, 0, 48, 0
2, 19368, Note_on_c, 0, 72, 72
2, 19392, Note_on_c, 0, 72, 0
2, 19561, Note_on_c, 0, 65, 71
2, 19562, Note_on_c, 0, 81, 77
2, 19563, Note_on_c, 0, 79, 72
2, 19593, Note_on_c, 0, 65, 0
2, 19624, Note_on_c, 0, 79, 0
2, 19655, Note_on_c, 0, 77, 68
2, 19714, Note_on_c, 0, 77, 0
2, 19756, Note_on_c, 0, 60, 61
2, 19756, Note_on_c, 0, 79, 46
2, 19782, Note_on_c, 0, 79, 0
2, 19786, Note_on_c, 0, 60, 0
2, 19805, Note_on_c, 0, 77, 66
2, 19856, Note_on_c, 0, 77, 0
2, 19864, Note_on_c, 0, 79, 66
2, 19900, Note_on_c, 0, 79, 0
2, 19925, Note_on_c, 0, 53, 63
2, 19927, Note_on_c, 0, 77, 60
2, 19957, Note_on_c, 0, 53, 0
2, 19985, Note_on_c, 0, 77, 0
2, 19994, Note_on_c, 0, 79, 62
2, 20029, Note_on_c, 0, 79, 0
2, 20050, Note_on_c, 0, 77, 53
2, 20090, Note_on_c, 0, 77, 0
2, 20113, Note_on_c, 0, 79, 60
2, 20147, Note_on_c, 0, 77, 67
2, 20147, Note_on_c, 0, 79, 0
2, 20154, Note_on_c, 0, 48, 55
2, 20315, Note_on_c, 0, 81, 0
2, 20325, Note_on_c, 0, 77, 0
2, 20337, Note_on_c, 0, 79, 61
2, 20366, Note_on_c, 0, 79, 0
2, 20497, Note_on_c, 0, 48, 0
2, 20528, Note_on_c, 0, 72, 69
2, 20551, Note_on_c, 0, 72, 0
2, 20719, Note_on_c, 0, 79, 78
2, 20719, Note_on_c, 0, 81, 83
2, 20722, Note_on_c, 0, 65, 71
2, 20750, Note_on_c, 0, 65, 0
2, 20775, Note_on_c, 0, 79, 0
2, 20799, Note_on_c, 0, 77, 73
2, 20871, Note_on_c, 0, 77, 0
2, 20885, Note_on_c, 0, 79, 70
2, 20903, Note_on_c, 0, 60, 63
2, 20916, Note_on_c, 0, 79, 0
2, 20934, Note_on_c, 0, 60, 0
2, 20951, Note_on_c, 0, 77, 65
2, 21005, Note_on_c, 0, 77, 0
2, 21019, Note_on_c, 0, 79, 71
2, 21058, Note_on_c, 0, 79, 0
2, 21076, Note_on_c, 0, 77, 69
2, 21081, Note_on_c, 0, 53, 63
2, 21107, Note_on_c, 0, 53, 0
2, 21127, Note_on_c, 0, 77, 0
2, 21127, Note_on_c, 0, 79, 67
2, 21201, Note_on_c, 0, 77, 66
2, 21203, Note_on_c, 0, 79, 0
2, 21244, Note_on_c, 0, 77, 0
2, 21244, Note_on_c, 0, 79, 57
2, 21297, Note_on_c, 0, 77, 77
2, 21302, Note_on_c, 0, 36, 64
2, 21319, Note_on_c, 0, 79, 0
2, 21454, Note_on_c, 0, 36, 0
2, 21481, Note_on_c, 0, 77, 0
2, 21486, Note_on_c, 0, 79, 68
2, 21493, Note_on_c, 0, 81, 0
2, 21516, Note_on_c, 0, 79, 0
2, 21669, Note_on_c, 0, 72, 74
2, 21679, Note_on_c, 0, 64, 66
2, 21703, Note_on_c, 0, 72, 0
2, 21709, Note_on_c, 0, 64, 0
2, 21883, Note_on_c, 0, 81, 69
2, 21884, Note_on_c, 0, 77, 72
2, 21894, Note_on_c, 0, 65, 65
2, 22069, Note_on_c, 0, 82, 77
2, 22072, Note_on_c, 0, 79, 76
2, 22082, Note_on_c, 0, 81, 0
2, 22096, Note_on_c, 0, 77, 0
2, 22147, Control_c, 0, 64, 50
2, 22163, Control_c, 0, 64, 63
2, 22178, Control_c, 0, 64, 66
2, 22194, Control_c, 0, 64, 70
2, 22210, Control_c, 0, 64, 78
2, 22225, Control_c, 0, 64, 86
2, 22241, Control_c, 0, 64, 93
2, 22255, Control_c, 0, 64, 97
2, 22270, Control_c, 0, 64, 100
2, 22273, Note_on_c, 0, 81, 83
2, 22276, Note_on_c, 0, 84, 85
2, 22286, Control_c, 0, 64, 103
2, 22300, Control_c, 0, 64, 106
2, 22314, Note_on_c, 0, 79, 0
2, 22315, Control_c, 0, 64, 108
2, 22323, Note_on_c, 0, 82, 0
2, 22331, Control_c, 0, 64, 109
2, 22346, Control_c, 0, 64, 109
2, 22358, Note_on_c, 0, 65, 0
2, 22453, Control_c, 0, 64, 109
2, 22467, Control_c, 0, 64, 104
2, 22480, Note_on_c, 0, 65, 69
2, 22483, Control_c, 0, 64, 96
2, 22486, Note_on_c, 0, 62, 65
2, 22492, Note_on_c, 0, 58, 63
2, 22498, Control_c, 0, 64, 84
2, 22513, Control_c, 0, 64, 68
2, 22529, Control_c, 0, 64, 0
2, 22650, Control_c, 0, 64, 52
2, 22650, Note_on_c, 0, 81, 0
2, 22664, Note_on_c, 0, 82, 70
2, 22665, Control_c, 0, 64, 67
2, 22685, Note_on_c, 0, 79, 68
2, 22688, Control_c, 0, 64, 73
2, 22703, Control_c, 0, 64, 82
2, 22707, Note_on_c, 0, 84, 0
2, 22719, Control_c, 0, 64, 87
2, 22734, Control_c, 0, 64, 89
2, 22746, Note_on_c, 0, 65, 0
2, 22749, Control_c, 0, 64, 90
2, 22765, Control_c, 0, 64, 92
2, 22780, Control_c, 0, 64, 93
2, 22782, Note_on_c, 0, 62, 0
2, 22794, Control_c, 0, 64, 95
2, 22799, Note_on_c, 0, 58, 0
2, 22810, Control_c, 0, 64, 97
2, 22825, Control_c, 0, 64, 98
2, 22840, Control_c, 0, 64, 99
2, 22855, Control_c, 0, 64, 100
2, 22856, Note_on_c, 0, 82, 0
2, 22859, Note_on_c, 0, 81, 74
2, 22862, Note_on_c, 0, 77, 73
2, 22870, Control_c, 0, 64, 100
2, 22874, Note_on_c, 0, 79, 0
2, 22886, Control_c, 0, 64, 101
2, 22913, Note_on_c, 0, 81, 0
2, 22966, Note_on_c, 0, 77, 0
2, 23039, Control_c, 0, 64, 97
2, 23054, Control_c, 0, 64, 88
2, 23062, Note_on_c, 0, 79, 70
2, 23067, Note_on_c, 0, 60, 58
2, 23068, Control_c, 0, 64, 74
2, 23075, Note_on_c, 0, 48, 54
2, 23084, Control_c, 0, 64, 38
2, 23099, Control_c, 0, 64, 0
2, 23163, Note_on_c, 0, 77, 64
2, 23177, Note_on_c, 0, 79, 0
2, 23206, Control_c, 0, 67, 9
2, 23220, Control_c, 0, 67, 15
2, 23235, Control_c, 0, 67, 23
2, 23251, Control_c, 0, 67, 35
2, 23257, Note_on_c, 0, 76, 72
2, 23266, Control_c, 0, 67, 49
2, 23281, Control_c, 0, 67, 67
2, 23282, Note_on_c, 0, 77, 0
2, 23296, Control_c, 0, 67, 86
2, 23311, Control_c, 0, 67, 108
2, 23327, Control_c, 0, 67, 127
2, 23351, Note_on_c, 0, 74, 72
2, 23356, Note_on_c, 0, 76, 0
2, 23412, Note_on_c, 0, 74, 0
2, 23438, Note_on_c, 0, 72, 69
2, 23532, Note_on_c, 0, 70, 67
2, 23537, Note_on_c, 0, 72, 0
2, 23626, Note_on_c, 0, 69, 68
2, 23639, Note_on_c, 0, 70, 0
2, 23654, Note_on_c, 0, 60, 0
2, 23718, Note_on_c, 0, 67, 68
2, 23721, Note_on_c, 0, 69, 0
2, 23739, Note_on_c, 0, 48, 0
2, 23792, Note_on_c, 0, 67, 0
2, 23810, Note_on_c, 0, 65, 70
2, 23896, Note_on_c, 0, 65, 0
2, 23905, Note_on_c, 0, 64, 66
2, 23996, Note_on_c, 0, 62, 70
2, 24004, Note_on_c, 0, 64, 0
2, 24019, Control_c, 0, 64, 57
2, 24034, Control_c, 0, 64, 69
2, 24050, Control_c, 0, 64, 78
2, 24064, Control_c, 0, 64, 88
2, 24066, Note_on_c, 0, 62, 0
2, 24080, Control_c, 0, 64, 93
2, 24084, Note_on_c, 0, 60, 65
2, 24095, Control_c, 0, 64, 95
2, 24110, Control_c, 0, 64, 96
2, 24122, Note_on_c, 0, 60, 0
2, 24125, Control_c, 0, 64, 96
2, 24171, Control_c, 0, 64, 91
2, 24186, Control_c, 0, 64, 81
2, 24193, Note_on_c, 0, 53, 57
2, 24196, Note_on_c, 0, 69, 68
2, 24199, Note_on_c, 0, 67, 67
2, 24202, Control_c, 0, 64, 67
2, 24224, Control_c, 0, 64, 0
2, 24239, Note_on_c, 0, 53, 0
2, 24252, Note_on_c, 0, 67, 0
2, 24299, Note_on_c, 0, 65, 64
2, 24364, Note_on_c, 0, 65, 0
2, 24370, Note_on_c, 0, 67, 66
2, 24390, Note_on_c, 0, 48, 37
2, 24415, Note_on_c, 0, 67, 0
2, 24426, Note_on_c, 0, 48, 0
2, 24443, Note_on_c, 0, 65, 56
2, 24503, Note_on_c, 0, 65, 0
2, 24510, Note_on_c, 0, 67, 63
2, 24543, Note_on_c, 0, 67, 0
2, 24559, Note_on_c, 0, 41, 48
2, 24565, Note_on_c, 0, 65, 58
2, 24589, Note_on_c, 0, 41, 0
2, 24628, Note_on_c, 0, 65, 0
2, 24635, Note_on_c, 0, 67, 62
2, 24670, Note_on_c, 0, 67, 0
2, 24694, Note_on_c, 0, 65, 47
2, 24734, Note_on_c, 0, 65, 0
2, 24746, Note_on_c, 0, 67, 62
2, 24779, Note_on_c, 0, 67, 0
2, 24793, Note_on_c, 0, 65, 59
2, 24799, Note_on_c, 0, 36, 41
2, 24932, Note_on_c, 0, 65, 0
2, 24963, Note_on_c, 0, 67, 64
2, 24972, Note_on_c, 0, 69, 0
2, 25001, Note_on_c, 0, 67, 0
2, 25127, Note_on_c, 0, 36, 0
2, 25165, Note_on_c, 0, 60, 58
2, 25193, Note_on_c, 0, 60, 0
2, 25359, Note_on_c, 0, 69, 64
2, 25360, Note_on_c, 0, 67, 60
2, 25366, Note_on_c, 0, 53, 50
2, 25399, Note_on_c, 0, 53, 0
2, 25413, Note_on_c, 0, 67, 0
2, 25441, Note_on_c, 0, 65, 63
2, 25499, Note_on_c, 0, 65, 0
2, 25526, Note_on_c, 0, 67, 62
2, 25538, Note_on_c, 0, 48, 58
2, 25559, Note_on_c, 0, 67, 0
2, 25569, Note_on_c, 0, 48, 0
2, 25590, Note_on_c, 0, 65, 58
2, 25640, Note_on_c, 0, 65, 0
2, 25648, Note_on_c, 0, 67, 65
2, 25683, Note_on_c, 0, 67, 0
2, 25715, Note_on_c, 0, 65, 60
2, 25718, Note_on_c, 0, 41, 54
2, 25762, Note_on_c, 0, 41, 0
2, 25771, Note_on_c, 0, 65, 0
2, 25785, Note_on_c, 0, 67, 62
2, 25822, Note_on_c, 0, 67, 0
2, 25840, Note_on_c, 0, 65, 56
2, 25878, Note_on_c, 0, 65, 0
2, 25883, Note_on_c, 0, 67, 62
2, 25933, Note_on_c, 0, 67, 0
2, 25955, Note_on_c, 0, 65, 63
2, 25962, Note_on_c, 0, 36, 42
2, 26131, Note_on_c, 0, 65, 0
2, 26133, Note_on_c, 0, 69, 0
2, 26146, Note_on_c, 0, 67, 67
2, 26174, Note_on_c, 0, 67, 0
2, 26274, Note_on_c, 0, 36, 0
2, 26348, Note_on_c, 0, 60, 56
2, 26368, Note_on_c, 0, 60, 0
2, 26581, Note_on_c, 0, 69, 59
2, 26582, Note_on_c, 0, 65, 54
2, 26626, Note_on_c, 0, 53, 53
2, 26770, Note_on_c, 0, 69, 0
2, 26775, Note_on_c, 0, 65, 0
2, 26781, Note_on_c, 0, 67, 58
2, 26813, Note_on_c, 0, 53, 0
2, 26813, Note_on_c, 0, 67, 0
2, 26966, Note_on_c, 0, 65, 62
2, 26971, Note_on_c, 0, 58, 50
2, 26977, Note_on_c, 0, 62, 40
2, 27005, Note_on_c, 0, 65, 0
2, 27006, Note_on_c, 0, 62, 0
2, 27008, Note_on_c, 0, 58, 0
2, 27165, Note_on_c, 0, 69, 68
2, 27168, Note_on_c, 0, 60, 48
2, 27174, Note_on_c, 0, 65, 58
2, 27344, Note_on_c, 0, 60, 0
2, 27366, Note_on_c, 0, 70, 68
2, 27369, Note_on_c, 0, 65, 0
2, 27370, Note_on_c, 0, 67, 64
2, 27373, Note_on_c, 0, 69, 0
2, 27400, Note_on_c, 0, 70, 0
2, 27403, Note_on_c, 0, 67, 0
2, 27559, Note_on_c, 0, 48, 48
2, 27565, Note_on_c, 0, 67, 65
2, 27572, Note_on_c, 0, 64, 58
2, 27594, Note_on_c, 0, 48, 0
2, 27600, Note_on_c, 0, 67, 0
2, 27608, Note_on_c, 0, 64, 0
2, 27761, Note_on_c, 0, 65, 64
2, 27767, Note_on_c, 0, 41, 50
2, 27932, Note_on_c, 0, 65, 0
2, 27947, Note_on_c, 0, 67, 60
2, 27997, Note_on_c, 0, 69, 57
2, 28027, Note_on_c, 0, 67, 0
2, 28034, Note_on_c, 0, 70, 71
2, 28049, Note_on_c, 0, 69, 0
2, 28066, Note_on_c, 0, 70, 0
2, 28110, Note_on_c, 0, 72, 73
2, 28152, Note_on_c, 0, 41, 0
2, 28160, Note_on_c, 0, 74, 68
2, 28165, Note_on_c, 0, 72, 0
2, 28208, Note_on_c, 0, 74, 0
2, 28210, Note_on_c, 0, 76, 63
2, 28227, Note_on_c, 0, 76, 0
2, 28268, Note_on_c, 0, 77, 70
2, 28307, Note_on_c, 0, 79, 72
2, 28314, Note_on_c, 0, 77, 0
2, 28326, Note_on_c, 0, 41, 36
2, 28333, Note_on_c, 0, 53, 41
2, 28341, Note_on_c, 0, 81, 77
2, 28361, Note_on_c, 0, 79, 0
2, 28513, Note_on_c, 0, 81, 0
2, 28531, Note_on_c, 0, 84, 70
2, 28552, Note_on_c, 0, 84, 0
2, 28727, Note_on_c, 0, 53, 0
2, 28733, Note_on_c, 0, 72, 66
2, 28737, Note_on_c, 0, 41, 0
2, 28760, Note_on_c, 0, 72, 0
2, 28932, Note_on_c, 0, 82, 65
2, 28938, Note_on_c, 0, 41, 37
2, 28949, Note_on_c, 0, 53, 40
2, 28956, Note_on_c, 0, 82, 0
2, 28966, Note_on_c, 0, 81, 65
2, 29016, Note_on_c, 0, 81, 0
2, 29017, Note_on_c, 0, 82, 76
2, 29078, Note_on_c, 0, 81, 56
2, 29081, Note_on_c, 0, 82, 0
2, 29116, Note_on_c, 0, 81, 0
2, 29117, Note_on_c, 0, 84, 66
2, 29143, Note_on_c, 0, 84, 0
2, 29353, Note_on_c, 0, 72, 63
2, 29375, Note_on_c, 0, 72, 0
2, 29399, Note_on_c, 0, 53, 0
2, 29420, Note_on_c, 0, 41, 0
2, 29556, Note_on_c, 0, 82, 63
2, 29560, Note_on_c, 0, 41, 36
2, 29571, Note_on_c, 0, 53, 36
2, 29585, Note_on_c, 0, 82, 0
2, 29602, Note_on_c, 0, 81, 68
2, 29656, Note_on_c, 0, 82, 76
2, 29694, Note_on_c, 0, 81, 0
2, 29705, Note_on_c, 0, 81, 46
2, 29720, Note_on_c, 0, 82, 0
2, 29753, Note_on_c, 0, 81, 0
2, 29753, Note_on_c, 0, 84, 68
2, 29785, Note_on_c, 0, 84, 0
2, 30022, Note_on_c, 0, 72, 52
2, 30041, Note_on_c, 0, 72, 0
2, 30059, Note_on_c, 0, 41, 0
2, 30079, Note_on_c, 0, 53, 0
2, 30305, Note_on_c, 0, 41, 35
2, 30311, Note_on_c, 0, 79, 44
2, 30315, Note_on_c, 0, 81, 45
2, 30316, Note_on_c, 0, 53, 34
2, 30368, Note_on_c, 0, 79, 0
2, 30400, Note_on_c, 0, 77, 59
2, 30452, Note_on_c, 0, 77, 0
2, 30481, Note_on_c, 0, 79, 56
2, 30511, Note_on_c, 0, 79, 0
2, 30546, Note_on_c, 0, 77, 63
2, 30597, Note_on_c, 0, 77, 0
2, 30609, Note_on_c, 0, 79, 62
2, 30655, Note_on_c, 0, 79, 0
2, 30679, Note_on_c, 0, 77, 58
2, 30728, Note_on_c, 0, 77, 0
2, 30748, Note_on_c, 0, 79, 58
2, 30776, Note_on_c, 0, 79, 0
2, 30806, Note_on_c, 0, 77, 59
2, 30864, Note_on_c, 0, 77, 0
2, 30873, Note_on_c, 0, 79, 61
2, 30915, Note_on_c, 0, 79, 0
2, 30943, Note_on_c, 0, 77, 43
2, 30980, Note_on_c, 0, 77, 0
2, 30996, Note_on_c, 0, 79, 53
2, 31041, Note_on_c, 0, 79, 0
2, 31065, Note_on_c, 0, 77, 53
2, 31726, Control_c, 0, 64, 58
2, 31741, Control_c, 0, 64, 65
2, 31756, Control_c, 0, 64, 69
2, 31771, Control_c, 0, 64, 74
2, 31786, Control_c, 0, 64, 80
2, 31786, Control_c, 0, 67, 127
2, 31801, Control_c, 0, 64, 85
2, 31801, Control_c, 0, 67, 126
2, 31816, Control_c, 0, 64, 87
2, 31816, Control_c, 0, 67, 125
2, 31831, Control_c, 0, 64, 88
2, 31831, Control_c, 0, 67, 124
2, 31839, Note_on_c, 0, 81, 0
2, 31850, Note_on_c, 0, 77, 0
2, 31900, Control_c, 0, 67, 125
2, 31903, Note_on_c, 0, 41, 0
2, 31915, Control_c, 0, 64, 86
2, 31915, Control_c, 0, 67, 125
2, 31931, Control_c, 0, 64, 80
2, 31946, Control_c, 0, 64, 71
2, 31946, Control_c, 0, 67, 126
2, 31946, Note_on_c, 0, 53, 0
2, 31961, Control_c, 0, 64, 52
2, 31961, Control_c, 0, 67, 126
2, 31977, Control_c, 0, 64, 0
2, 32008, Control_c, 0, 67, 127
2, 32182, Note_on_c, 0, 60, 43
2, 32207, Note_on_c, 0, 60, 0
2, 32312, Control_c, 0, 67, 127
2, 32377, Note_on_c, 0, 60, 14
2, 32386, Note_on_c, 0, 57, 30
2, 32398, Note_on_c, 0, 65, 49
2, 32399, Note_on_c, 0, 53, 24
2, 32509, Control_c, 0, 67, 127
2, 32585, Control_c, 0, 64, 58
2, 32588, Note_on_c, 0, 65, 0
2, 32589, Note_on_c, 0, 67, 50
2, 32600, Control_c, 0, 64, 65
2, 32616, Control_c, 0, 64, 69
2, 32631, Control_c, 0, 64, 73
2, 32647, Control_c, 0, 64, 78
2, 32668, Control_c, 0, 64, 84
2, 32668, Control_c, 0, 67, 126
2, 32683, Control_c, 0, 64, 87
2, 32699, Control_c, 0, 64, 90
2, 32714, Control_c, 0, 64, 93
2, 32730, Control_c, 0, 64, 95
2, 32744, Control_c, 0, 64, 97
2, 32759, Control_c, 0, 64, 98
2, 32775, Control_c, 0, 64, 98
2, 32775, Note_on_c, 0, 57, 0
2, 32791, Note_on_c, 0, 69, 55
2, 32792, Note_on_c, 0, 67, 0
2, 32793, Note_on_c, 0, 60, 0
2, 32821, Control_c, 0, 67, 127
2, 32825, Note_on_c, 0, 53, 0
2, 32867, Control_c, 0, 67, 127
2, 32958, Control_c, 0, 64, 97
2, 32974, Control_c, 0, 64, 93
2, 32977, Note_on_c, 0, 69, 0
2, 32989, Control_c, 0, 64, 86
2, 32996, Note_on_c, 0, 52, 44
2, 32998, Note_on_c, 0, 60, 36
2, 33000, Note_on_c, 0, 67, 54
2, 33005, Control_c, 0, 64, 75
2, 33007, Note_on_c, 0, 55, 45
2, 33020, Control_c, 0, 64, 62
2, 33034, Control_c, 0, 64, 0
2, 33190, Note_on_c, 0, 69, 59
2, 33191, Note_on_c, 0, 67, 0
2, 33232, Control_c, 0, 64, 53
2, 33248, Control_c, 0, 64, 64
2, 33262, Control_c, 0, 64, 67
2, 33277, Control_c, 0, 64, 71
2, 33293, Control_c, 0, 64, 76
2, 33307, Control_c, 0, 64, 81
2, 33322, Control_c, 0, 64, 85
2, 33338, Control_c, 0, 64, 87
2, 33353, Control_c, 0, 64, 89
2, 33369, Control_c, 0, 64, 91
2, 33380, Note_on_c, 0, 69, 0
2, 33381, Note_on_c, 0, 70, 64
2, 33383, Control_c, 0, 64, 92
2, 33398, Control_c, 0, 64, 93
2, 33414, Control_c, 0, 64, 94
2, 33414, Control_c, 0, 67, 127
2, 33434, Note_on_c, 0, 52, 0
2, 33467, Note_on_c, 0, 60, 0
2, 33488, Note_on_c, 0, 55, 0
2, 33512, Control_c, 0, 67, 127
2, 33558, Control_c, 0, 64, 93
2, 33574, Control_c, 0, 64, 90
2, 33578, Note_on_c, 0, 69, 57
2, 33580, Note_on_c, 0, 70, 0
2, 33588, Control_c, 0, 64, 82
2, 33593, Note_on_c, 0, 60, 40
2, 33594, Note_on_c, 0, 53, 44
2, 33596, Note_on_c, 0, 57, 45
2, 33603, Control_c, 0, 64, 72
2, 33619, Control_c, 0, 64, 51
2, 33634, Control_c, 0, 64, 0
2, 33769, Note_on_c, 0, 69, 0
2, 33771, Note_on_c, 0, 70, 62
2, 33818, Control_c, 0, 67, 127
2, 33863, Control_c, 0, 64, 57
2, 33863, Control_c, 0, 67, 126
2, 33878, Control_c, 0, 64, 66
2, 33894, Control_c, 0, 64, 71
2, 33909, Control_c, 0, 64, 76
2, 33925, Control_c, 0, 64, 82
2, 33940, Control_c, 0, 64, 85
2, 33954, Control_c, 0, 64, 87
2, 33965, Note_on_c, 0, 72, 66
2, 33970, Control_c, 0, 64, 88
2, 33970, Control_c, 0, 67, 126
2, 33972, Note_on_c, 0, 70, 0
2, 33974, Note_on_c, 0, 53, 0
2, 33985, Control_c, 0, 64, 90
2, 33992, Note_on_c, 0, 60, 0
2, 34000, Control_c, 0, 64, 92
2, 34016, Control_c, 0, 64, 93
2, 34075, Control_c, 0, 67, 126
2, 34121, Control_c, 0, 67, 127
2, 34137, Control_c, 0, 64, 91
2, 34143, Note_on_c, 0, 60, 51
2, 34145, Note_on_c, 0, 55, 50
2, 34151, Control_c, 0, 64, 85
2, 34153, Note_on_c, 0, 51, 50
2, 34167, Control_c, 0, 64, 74
2, 34182, Control_c, 0, 64, 47
2, 34206, Control_c, 0, 64, 0
2, 34235, Control_c, 0, 67, 127
2, 34311, Control_c, 0, 67, 127
2, 34330, Note_on_c, 0, 74, 61
2, 34356, Control_c, 0, 67, 126
2, 34372, Control_c, 0, 64, 50
2, 34374, Note_on_c, 0, 57, 0
2, 34387, Control_c, 0, 64, 64
2, 34402, Control_c, 0, 64, 67
2, 34418, Control_c, 0, 64, 71
2, 34418, Control_c, 0, 67, 126
2, 34432, Control_c, 0, 64, 75
2, 34448, Control_c, 0, 64, 79
2, 34448, Control_c, 0, 67, 125
2, 34463, Control_c, 0, 64, 81
2, 34479, Control_c, 0, 64, 83
2, 34495, Control_c, 0, 64, 84
2, 34509, Control_c, 0, 64, 84
2, 34519, Note_on_c, 0, 72, 0
2, 34525, Control_c, 0, 64, 85
2, 34526, Note_on_c, 0, 51, 0
2, 34530, Note_on_c, 0, 75, 67
2, 34536, Note_on_c, 0, 74, 0
2, 34540, Control_c, 0, 64, 85
2, 34553, Note_on_c, 0, 60, 0
2, 34555, Note_on_c, 0, 55, 0
2, 34585, Control_c, 0, 67, 125
2, 34663, Control_c, 0, 67, 125
2, 34694, Control_c, 0, 64, 85
2, 34700, Note_on_c, 0, 75, 0
2, 34709, Control_c, 0, 64, 83
2, 34714, Note_on_c, 0, 67, 67
2, 34719, Note_on_c, 0, 62, 60
2, 34720, Note_on_c, 0, 50, 54
2, 34722, Note_on_c, 0, 57, 56
2, 34725, Control_c, 0, 64, 77
2, 34740, Control_c, 0, 64, 66
2, 34740, Control_c, 0, 67, 124
2, 34755, Control_c, 0, 64, 0
2, 34755, Control_c, 0, 67, 124
2, 34771, Control_c, 0, 67, 121
2, 34786, Control_c, 0, 67, 111
2, 34801, Control_c, 0, 67, 84
2, 34816, Control_c, 0, 67, 44
2, 34831, Control_c, 0, 67, 0
2, 34907, Control_c, 0, 64, 40
2, 34918, Note_on_c, 0, 66, 66
2, 34922, Control_c, 0, 64, 64
2, 34933, Note_on_c, 0, 67, 0
2, 34937, Control_c, 0, 64, 70
2, 34952, Control_c, 0, 64, 75
2, 34975, Control_c, 0, 64, 81
2, 34990, Control_c, 0, 64, 85
2, 35005, Control_c, 0, 64, 87
2, 35020, Control_c, 0, 64, 89
2, 35035, Control_c, 0, 64, 90
2, 35051, Control_c, 0, 64, 92
2, 35066, Control_c, 0, 64, 94
2, 35081, Control_c, 0, 64, 95
2, 35089, Note_on_c, 0, 66, 0
2, 35096, Control_c, 0, 64, 95
2, 35113, Note_on_c, 0, 67, 72
2, 35162, Note_on_c, 0, 62, 0
2, 35190, Note_on_c, 0, 50, 0
2, 35191, Note_on_c, 0, 57, 0
2, 35278, Control_c, 0, 64, 94
2, 35293, Control_c, 0, 64, 90
2, 35307, Note_on_c, 0, 62, 59
2, 35309, Control_c, 0, 64, 81
2, 35309, Note_on_c, 0, 69, 72
2, 35315, Note_on_c, 0, 57, 60
2, 35318, Note_on_c, 0, 54, 53
2, 35318, Note_on_c, 0, 67, 0
2, 35325, Control_c, 0, 64, 67
2, 35340, Control_c, 0, 64, 0
2, 35498, Note_on_c, 0, 70, 74
2, 35510, Note_on_c, 0, 69, 0
2, 35553, Control_c, 0, 64, 49
2, 35568, Control_c, 0, 64, 64
2, 35583, Control_c, 0, 64, 68
2, 35599, Control_c, 0, 64, 73
2, 35614, Control_c, 0, 64, 80
2, 35629, Control_c, 0, 64, 87
2, 35644, Control_c, 0, 64, 91
2, 35659, Control_c, 0, 64, 92
2, 35674, Control_c, 0, 64, 93
2, 35689, Control_c, 0, 64, 94
2, 35699, Note_on_c, 0, 72, 74
2, 35702, Note_on_c, 0, 57, 0
2, 35704, Control_c, 0, 64, 96
2, 35716, Note_on_c, 0, 62, 0
2, 35720, Control_c, 0, 64, 96
2, 35740, Note_on_c, 0, 54, 0
2, 35749, Note_on_c, 0, 70, 0
2, 35865, Control_c, 0, 64, 95
2, 35881, Control_c, 0, 64, 89
2, 35884, Note_on_c, 0, 62, 57
2, 35885, Note_on_c, 0, 58, 59
2, 35888, Note_on_c, 0, 70, 72
2, 35891, Note_on_c, 0, 55, 52
2, 35895, Control_c, 0, 64, 78
2, 35908, Note_on_c, 0, 72, 0
2, 35910, Control_c, 0, 64, 64
2, 35926, Control_c, 0, 64, 0
2, 36047, Control_c, 0, 64, 54
2, 36062, Control_c, 0, 64, 65
2, 36078, Control_c, 0, 64, 68
2, 36082, Note_on_c, 0, 72, 71
2, 36093, Control_c, 0, 64, 71
2, 36093, Note_on_c, 0, 70, 0
2, 36107, Control_c, 0, 64, 74
2, 36124, Control_c, 0, 64, 79
2, 36139, Control_c, 0, 64, 82
2, 36154, Control_c, 0, 64, 84
2, 36170, Control_c, 0, 64, 85
2, 36185, Control_c, 0, 64, 86
2, 36200, Control_c, 0, 64, 87
2, 36215, Control_c, 0, 64, 88
2, 36230, Control_c, 0, 64, 89
2, 36246, Control_c, 0, 64, 89
2, 36255, Note_on_c, 0, 55, 0
2, 36262, Note_on_c, 0, 74, 75
2, 36275, Control_c, 0, 64, 90
2, 36312, Note_on_c, 0, 72, 0
2, 36344, Note_on_c, 0, 58, 0
2, 36370, Note_on_c, 0, 62, 0
2, 36427, Control_c, 0, 64, 89
2, 36440, Note_on_c, 0, 62, 72
2, 36443, Control_c, 0, 64, 84
2, 36443, Note_on_c, 0, 57, 65
2, 36446, Note_on_c, 0, 53, 61
2, 36458, Control_c, 0, 64, 74
2, 36473, Control_c, 0, 64, 49
2, 36489, Control_c, 0, 64, 0
2, 36587, Control_c, 0, 64, 59
2, 36603, Control_c, 0, 64, 66
2, 36617, Control_c, 0, 64, 71
2, 36631, Note_on_c, 0, 76, 78
2, 36632, Control_c, 0, 64, 78
2, 36648, Control_c, 0, 64, 84
2, 36661, Note_on_c, 0, 74, 0
2, 36663, Control_c, 0, 64, 87
2, 36679, Control_c, 0, 64, 89
2, 36694, Control_c, 0, 64, 90
2, 36709, Control_c, 0, 64, 92
2, 36724, Control_c, 0, 64, 94
2, 36737, Note_on_c, 0, 62, 0
2, 36739, Control_c, 0, 64, 95
2, 36754, Control_c, 0, 64, 96
2, 36760, Note_on_c, 0, 57, 0
2, 36770, Control_c, 0, 64, 96
2, 36777, Note_on_c, 0, 53, 0
2, 36785, Control_c, 0, 64, 97
2, 36801, Control_c, 0, 64, 97
2, 36802, Note_on_c, 0, 77, 86
2, 36815, Note_on_c, 0, 76, 0
2, 36830, Control_c, 0, 64, 98
2, 36866, Note_on_c, 0, 77, 0
2, 36968, Control_c, 0, 64, 97
2, 36979, Control_c, 0, 64, 94
2, 36983, Note_on_c, 0, 59, 69
2, 36983, Note_on_c, 0, 64, 74
2, 36985, Note_on_c, 0, 52, 71
2, 36990, Note_on_c, 0, 69, 83
2, 36994, Control_c, 0, 64, 85
2, 37009, Control_c, 0, 64, 70
2, 37025, Control_c, 0, 64, 0
2, 37175, Note_on_c, 0, 68, 84
2, 37197, Note_on_c, 0, 69, 0
2, 37252, Control_c, 0, 64, 53
2, 37275, Control_c, 0, 64, 65
2, 37290, Control_c, 0, 64, 70
2, 37306, Control_c, 0, 64, 76
2, 37320, Control_c, 0, 64, 86
2, 37336, Control_c, 0, 64, 92
2, 37351, Control_c, 0, 64, 95
2, 37353, Note_on_c, 0, 68, 0
2, 37366, Control_c, 0, 64, 98
2, 37366, Note_on_c, 0, 69, 81
2, 37381, Control_c, 0, 64, 101
2, 37396, Control_c, 0, 64, 105
2, 37412, Control_c, 0, 64, 109
2, 37427, Control_c, 0, 64, 112
2, 37427, Note_on_c, 0, 64, 0
2, 37430, Note_on_c, 0, 52, 0
2, 37442, Control_c, 0, 64, 112
2, 37457, Control_c, 0, 64, 113
2, 37457, Note_on_c, 0, 59, 0
2, 37472, Control_c, 0, 64, 113
2, 37563, Control_c, 0, 64, 107
2, 37563, Note_on_c, 0, 71, 79
2, 37567, Note_on_c, 0, 64, 67
2, 37570, Note_on_c, 0, 59, 66
2, 37574, Note_on_c, 0, 56, 67
2, 37579, Control_c, 0, 64, 94
2, 37591, Note_on_c, 0, 69, 0
2, 37594, Control_c, 0, 64, 78
2, 37609, Control_c, 0, 64, 0
2, 37748, Note_on_c, 0, 73, 82
2, 37762, Control_c, 0, 64, 28
2, 37773, Note_on_c, 0, 71, 0
2, 37778, Control_c, 0, 64, 63
2, 37793, Control_c, 0, 64, 68
2, 37807, Control_c, 0, 64, 74
2, 37823, Control_c, 0, 64, 81
2, 37838, Control_c, 0, 64, 88
2, 37854, Control_c, 0, 64, 93
2, 37869, Control_c, 0, 64, 98
2, 37883, Control_c, 0, 64, 102
2, 37899, Control_c, 0, 64, 106
2, 37910, Note_on_c, 0, 59, 0
2, 37914, Control_c, 0, 64, 112
2, 37927, Note_on_c, 0, 56, 0
2, 37929, Control_c, 0, 64, 117
2, 37935, Note_on_c, 0, 64, 0
2, 37944, Control_c, 0, 64, 121
2, 37956, Note_on_c, 0, 74, 83
2, 37959, Control_c, 0, 64, 124
2, 37975, Control_c, 0, 64, 126
2, 37990, Control_c, 0, 64, 127
2, 37999, Note_on_c, 0, 73, 0
2, 38149, Control_c, 0, 64, 125
2, 38156, Note_on_c, 0, 57, 65
2, 38156, Note_on_c, 0, 61, 72
2, 38157, Note_on_c, 0, 73, 84
2, 38161, Note_on_c, 0, 64, 70
2, 38164, Control_c, 0, 64, 114
2, 38180, Control_c, 0, 64, 98
2, 38181, Note_on_c, 0, 74, 0
2, 38195, Control_c, 0, 64, 80
2, 38210, Control_c, 0, 64, 0
2, 38316, Control_c, 0, 64, 58
2, 38332, Control_c, 0, 64, 68
2, 38347, Control_c, 0, 64, 74
2, 38348, Note_on_c, 0, 74, 85
2, 38361, Control_c, 0, 64, 81
2, 38377, Control_c, 0, 64, 87
2, 38383, Note_on_c, 0, 73, 0
2, 38392, Control_c, 0, 64, 91
2, 38402, Note_on_c, 0, 64, 0
2, 38407, Control_c, 0, 64, 93
2, 38423, Control_c, 0, 64, 94
2, 38438, Control_c, 0, 64, 95
2, 38443, Note_on_c, 0, 61, 0
2, 38454, Control_c, 0, 64, 95
2, 38457, Note_on_c, 0, 57, 0
2, 38468, Control_c, 0, 64, 96
2, 38483, Control_c, 0, 64, 96
2, 38529, Note_on_c, 0, 76, 83
2, 38552, Note_on_c, 0, 74, 0
2, 38682, Control_c, 0, 64, 96
2, 38698, Control_c, 0, 64, 91
2, 38713, Control_c, 0, 64, 79
2, 38714, Note_on_c, 0, 52, 73
2, 38716, Note_on_c, 0, 49, 69
2, 38717, Note_on_c, 0, 57, 79
2, 38727, Control_c, 0, 64, 61
2, 38743, Control_c, 0, 64, 0
2, 38872, Control_c, 0, 64, 60
2, 38887, Control_c, 0, 64, 67
2, 38903, Control_c, 0, 64, 74
2, 38911, Note_on_c, 0, 77, 83
2, 38918, Control_c, 0, 64, 80
2, 38934, Control_c, 0, 64, 87
2, 38942, Note_on_c, 0, 49, 0
2, 38943, Note_on_c, 0, 76, 0
2, 38948, Control_c, 0, 64, 91
2, 38952, Note_on_c, 0, 57, 0
2, 38956, Note_on_c, 0, 52, 0
2, 38963, Control_c, 0, 64, 93
2, 38979, Control_c, 0, 64, 95
2, 38993, Control_c, 0, 64, 98
2, 39008, Control_c, 0, 64, 101
2, 39024, Control_c, 0, 64, 104
2, 39039, Control_c, 0, 64, 106
2, 39055, Control_c, 0, 64, 107
2, 39069, Control_c, 0, 64, 108
2, 39084, Control_c, 0, 64, 109
2, 39088, Note_on_c, 0, 79, 79
2, 39096, Note_on_c, 0, 77, 0
2, 39100, Control_c, 0, 64, 110
2, 39115, Control_c, 0, 64, 110
2, 39130, Control_c, 0, 64, 111
2, 39139, Note_on_c, 0, 79, 0
2, 39145, Control_c, 0, 64, 111
2, 39252, Control_c, 0, 64, 106
2, 39267, Control_c, 0, 64, 91
2, 39271, Note_on_c, 0, 79, 71
2, 39281, Control_c, 0, 64, 68
2, 39284, Note_on_c, 0, 57, 51
2, 39286, Note_on_c, 0, 62, 57
2, 39290, Note_on_c, 0, 50, 48
2, 39297, Control_c, 0, 64, 0
2, 39302, Note_on_c, 0, 79, 0
2, 39315, Note_on_c, 0, 77, 70
2, 39358, Note_on_c, 0, 77, 0
2, 39368, Note_on_c, 0, 79, 71
2, 39401, Note_on_c, 0, 79, 0
2, 39420, Note_on_c, 0, 77, 69
2, 39471, Note_on_c, 0, 76, 80
2, 39471, Note_on_c, 0, 77, 0
2, 39505, Note_on_c, 0, 76, 0
2, 39616, Note_on_c, 0, 62, 0
2, 39652, Note_on_c, 0, 74, 81
2, 39693, Note_on_c, 0, 74, 0
2, 39815, Note_on_c, 0, 50, 0
2, 39848, Note_on_c, 0, 81, 88
2, 39850, Note_on_c, 0, 62, 59
2, 39857, Note_on_c, 0, 53, 46
2, 39868, Control_c, 0, 64, 62
2, 39871, Note_on_c, 0, 57, 0
2, 39883, Control_c, 0, 64, 76
2, 39899, Control_c, 0, 64, 93
2, 39913, Control_c, 0, 64, 116
2, 39928, Control_c, 0, 64, 127
2, 39989, Control_c, 0, 64, 117
2, 40004, Control_c, 0, 64, 99
2, 40020, Control_c, 0, 64, 80
2, 40031, Note_on_c, 0, 53, 0
2, 40034, Control_c, 0, 64, 50
2, 40034, Note_on_c, 0, 79, 80
2, 40040, Note_on_c, 0, 81, 0
2, 40049, Control_c, 0, 64, 0
2, 40079, Note_on_c, 0, 79, 0
2, 40145, Note_on_c, 0, 62, 0
2, 40214, Note_on_c, 0, 77, 82
2, 40228, Note_on_c, 0, 55, 53
2, 40261, Note_on_c, 0, 77, 0
2, 40263, Note_on_c, 0, 55, 0
2, 40400, Note_on_c, 0, 77, 75
2, 40419, Note_on_c, 0, 57, 61
2, 40455, Note_on_c, 0, 57, 0
2, 40473, Note_on_c, 0, 77, 0
2, 40494, Note_on_c, 0, 76, 68
2, 40553, Note_on_c, 0, 76, 0
2, 40562, Note_on_c, 0, 77, 69
2, 40597, Note_on_c, 0, 52, 65
2, 40621, Note_on_c, 0, 77, 0
2, 40630, Note_on_c, 0, 52, 0
2, 40630, Note_on_c, 0, 76, 70
2, 40679, Note_on_c, 0, 76, 0
2, 40685, Note_on_c, 0, 77, 69
2, 40740, Note_on_c, 0, 77, 0
2, 40749, Note_on_c, 0, 76, 71
2, 40763, Note_on_c, 0, 49, 54
2, 40799, Note_on_c, 0, 77, 65
2, 40803, Note_on_c, 0, 49, 0
2, 40807, Note_on_c, 0, 76, 0
2, 40853, Note_on_c, 0, 76, 61
2, 40856, Note_on_c, 0, 77, 0
2, 40903, Note_on_c, 0, 77, 62
2, 40909, Note_on_c, 0, 76, 0
2, 40954, Note_on_c, 0, 76, 63
2, 40970, Note_on_c, 0, 77, 0
2, 40978, Note_on_c, 0, 45, 51
2, 41145, Note_on_c, 0, 76, 0
2, 41158, Note_on_c, 0, 81, 68
2, 41177, Note_on_c, 0, 81, 0
2, 41336, Note_on_c, 0, 45, 0
2, 41349, Note_on_c, 0, 69, 65
2, 41379, Note_on_c, 0, 69, 0
2, 41559, Note_on_c, 0, 72, 54
2, 41568, Note_on_c, 0, 65, 41
2, 41581, Note_on_c, 0, 72, 0
2, 41590, Note_on_c, 0, 62, 11
2, 41594, Note_on_c, 0, 70, 66
2, 41644, Note_on_c, 0, 70, 0
2, 41660, Note_on_c, 0, 72, 69
2, 41693, Note_on_c, 0, 72, 0
2, 41704, Note_on_c, 0, 70, 62
2, 41739, Note_on_c, 0, 70, 0
2, 41742, Note_on_c, 0, 72, 61
2, 41797, Note_on_c, 0, 70, 60
2, 41804, Note_on_c, 0, 72, 0
2, 41908, Note_on_c, 0, 70, 0
2, 41926, Note_on_c, 0, 69, 60
2, 41968, Note_on_c, 0, 69, 0
2, 42112, Note_on_c, 0, 62, 0
2, 42134, Note_on_c, 0, 65, 0
2, 42144, Note_on_c, 0, 64, 49
2, 42146, Note_on_c, 0, 61, 45
2, 42147, Note_on_c, 0, 69, 69
2, 42304, Note_on_c, 0, 69, 0
2, 42322, Note_on_c, 0, 81, 71
2, 42347, Note_on_c, 0, 81, 0
2, 42519, Note_on_c, 0, 69, 65
2, 42549, Note_on_c, 0, 69, 0
2, 42677, Note_on_c, 0, 61, 0
2, 42722, Note_on_c, 0, 64, 0
2, 42726, Note_on_c, 0, 72, 63
2, 42733, Note_on_c, 0, 62, 43
2, 42736, Note_on_c, 0, 65, 44
2, 42757, Note_on_c, 0, 72, 0
2, 42774, Note_on_c, 0, 70, 70
2, 42828, Note_on_c, 0, 70, 0
2, 42843, Note_on_c, 0, 72, 62
2, 42865, Note_on_c, 0, 72, 0
2, 42886, Note_on_c, 0, 70, 69
2, 42923, Note_on_c, 0, 70, 0
2, 42939, Note_on_c, 0, 72, 68
2, 42971, Note_on_c, 0, 72, 0
2, 42980, Note_on_c, 0, 70, 63
2, 43064, Note_on_c, 0, 70, 0
2, 43084, Note_on_c, 0, 69, 64
2, 43107, Note_on_c, 0, 62, 0
2, 43131, Note_on_c, 0, 69, 0
2, 43271, Note_on_c, 0, 65, 0
2, 43298, Note_on_c, 0, 66, 45
2, 43304, Note_on_c, 0, 69, 70
2, 43316, Note_on_c, 0, 62, 45
2, 43464, Note_on_c, 0, 69, 0
2, 43488, Note_on_c, 0, 81, 66
2, 43526, Note_on_c, 0, 81, 0
2, 43676, Note_on_c, 0, 78, 76
2, 43705, Note_on_c, 0, 78, 0
2, 43857, Note_on_c, 0, 62, 0
2, 43873, Note_on_c, 0, 79, 72
2, 43890, Note_on_c, 0, 66, 0
2, 43892, Note_on_c, 0, 67, 45
2, 43894, Note_on_c, 0, 63, 48
2, 44029, Control_c, 0, 64, 22
2, 44044, Control_c, 0, 64, 64
2, 44056, Note_on_c, 0, 81, 79
2, 44059, Control_c, 0, 64, 70
2, 44074, Control_c, 0, 64, 78
2, 44080, Note_on_c, 0, 79, 0
2, 44090, Control_c, 0, 64, 90
2, 44104, Control_c, 0, 64, 98
2, 44119, Control_c, 0, 64, 102
2, 44135, Control_c, 0, 64, 104
2, 44150, Control_c, 0, 64, 107
2, 44157, Note_on_c, 0, 67, 0
2, 44166, Control_c, 0, 64, 110
2, 44188, Control_c, 0, 64, 112
2, 44203, Control_c, 0, 64, 113
2, 44204, Note_on_c, 0, 63, 0
2, 44244, Note_on_c, 0, 82, 78
2, 44267, Note_on_c, 0, 81, 0
2, 44335, Note_on_c, 0, 82, 0
2, 44372, Control_c, 0, 64, 112
2, 44372, Note_on_c, 0, 84, 67
2, 44387, Control_c, 0, 64, 104
2, 44400, Note_on_c, 0, 63, 45
2, 44401, Control_c, 0, 64, 92
2, 44414, Note_on_c, 0, 69, 53
2, 44415, Note_on_c, 0, 60, 47
2, 44417, Control_c, 0, 64, 76
2, 44427, Note_on_c, 0, 82, 79
2, 44432, Control_c, 0, 64, 37
2, 44448, Control_c, 0, 64, 0
2, 44448, Note_on_c, 0, 84, 0
2, 44553, Control_c, 0, 64, 57
2, 44569, Control_c, 0, 64, 65
2, 44584, Control_c, 0, 64, 70
2, 44599, Control_c, 0, 64, 74
2, 44607, Note_on_c, 0, 81, 79
2, 44615, Control_c, 0, 64, 79
2, 44629, Control_c, 0, 64, 84
2, 44634, Note_on_c, 0, 82, 0
2, 44644, Control_c, 0, 64, 87
2, 44660, Control_c, 0, 64, 88
2, 44674, Control_c, 0, 64, 90
2, 44690, Control_c, 0, 64, 91
2, 44705, Control_c, 0, 64, 91
2, 44761, Note_on_c, 0, 81, 0
2, 44769, Note_on_c, 0, 69, 0
2, 44786, Note_on_c, 0, 63, 0
2, 44788, Note_on_c, 0, 60, 0
2, 44790, Note_on_c, 0, 79, 76
2, 44903, Control_c, 0, 64, 91
2, 44918, Control_c, 0, 64, 90
2, 44934, Control_c, 0, 64, 89
2, 44955, Control_c, 0, 64, 85
2, 44971, Control_c, 0, 64, 76
2, 44977, Note_on_c, 0, 78, 75
2, 44981, Note_on_c, 0, 62, 51
2, 44985, Note_on_c, 0, 69, 55
2, 44986, Control_c, 0, 64, 63
2, 44988, Note_on_c, 0, 66, 56
2, 45001, Control_c, 0, 64, 0
2, 45002, Note_on_c, 0, 79, 0
2, 45123, Control_c, 0, 64, 57
2, 45139, Control_c, 0, 64, 65
2, 45154, Control_c, 0, 64, 69
2, 45169, Note_on_c, 0, 79, 76
2, 45170, Control_c, 0, 64, 73
2, 45185, Control_c, 0, 64, 77
2, 45196, Note_on_c, 0, 78, 0
2, 45199, Control_c, 0, 64, 81
2, 45215, Control_c, 0, 64, 83
2, 45218, Note_on_c, 0, 69, 0
2, 45230, Control_c, 0, 64, 85
2, 45246, Control_c, 0, 64, 86
2, 45250, Note_on_c, 0, 66, 0
2, 45259, Note_on_c, 0, 62, 0
2, 45261, Control_c, 0, 64, 87
2, 45276, Control_c, 0, 64, 88
2, 45292, Control_c, 0, 64, 89
2, 45327, Note_on_c, 0, 79, 0
2, 45338, Note_on_c, 0, 81, 76
2, 45489, Control_c, 0, 64, 88
2, 45504, Control_c, 0, 64, 86
2, 45517, Note_on_c, 0, 77, 64
2, 45518, Control_c, 0, 64, 79
2, 45533, Note_on_c, 0, 57, 49
2, 45534, Control_c, 0, 64, 67
2, 45536, Note_on_c, 0, 62, 51
2, 45543, Note_on_c, 0, 75, 73
2, 45546, Note_on_c, 0, 54, 44
2, 45547, Note_on_c, 0, 81, 0
2, 45549, Control_c, 0, 64, 0
2, 45567, Note_on_c, 0, 77, 0
2, 45730, Note_on_c, 0, 74, 72
2, 45750, Note_on_c, 0, 75, 0
2, 45785, Control_c, 0, 64, 56
2, 45799, Control_c, 0, 64, 67
2, 45815, Control_c, 0, 64, 72
2, 45830, Control_c, 0, 64, 79
2, 45846, Control_c, 0, 64, 86
2, 45858, Note_on_c, 0, 57, 0
2, 45861, Control_c, 0, 64, 91
2, 45875, Control_c, 0, 64, 93
2, 45891, Control_c, 0, 64, 94
2, 45895, Note_on_c, 0, 74, 0
2, 45906, Control_c, 0, 64, 96
2, 45916, Note_on_c, 0, 72, 72
2, 45921, Control_c, 0, 64, 96
2, 45923, Note_on_c, 0, 62, 0
2, 45962, Note_on_c, 0, 54, 0
2, 45982, Note_on_c, 0, 72, 0
2, 46059, Control_c, 0, 64, 94
2, 46074, Control_c, 0, 64, 86
2, 46090, Control_c, 0, 64, 72
2, 46105, Control_c, 0, 64, 0
2, 46116, Note_on_c, 0, 72, 77
2, 46119, Note_on_c, 0, 55, 51
2, 46287, Note_on_c, 0, 72, 0
2, 46298, Note_on_c, 0, 70, 73
2, 46307, Note_on_c, 0, 55, 0
2, 46328, Note_on_c, 0, 70, 0
2, 46488, Note_on_c, 0, 67, 48
2, 46489, Note_on_c, 0, 79, 66
2, 46515, Note_on_c, 0, 67, 0
2, 46519, Note_on_c, 0, 79, 0
2, 46683, Note_on_c, 0, 70, 68
2, 46686, Note_on_c, 0, 53, 48
2, 46863, Note_on_c, 0, 70, 0
2, 46868, Note_on_c, 0, 53, 0
2, 46872, Note_on_c, 0, 69, 66
2, 46889, Note_on_c, 0, 69, 0
2, 47056, Note_on_c, 0, 77, 61
2, 47077, Note_on_c, 0, 65, 19
2, 47087, Note_on_c, 0, 77, 0
2, 47123, Note_on_c, 0, 65, 0
2, 47257, Note_on_c, 0, 69, 64
2, 47278, Note_on_c, 0, 52, 45
2, 47436, Note_on_c, 0, 52, 0
2, 47447, Note_on_c, 0, 69, 0
2, 47452, Note_on_c, 0, 67, 62
2, 47475, Note_on_c, 0, 67, 0
2, 47636, Note_on_c, 0, 76, 58
2, 47639, Note_on_c, 0, 64, 48
2, 47667, Note_on_c, 0, 64, 0
2, 47673, Note_on_c, 0, 76, 0
2, 47833, Note_on_c, 0, 67, 60
2, 47842, Note_on_c, 0, 50, 42
2, 48001, Note_on_c, 0, 50, 0
2, 48019, Note_on_c, 0, 67, 0
2, 48039, Note_on_c, 0, 65, 56
2, 48061, Note_on_c, 0, 65, 0
2, 48210, Note_on_c, 0, 74, 51
2, 48215, Note_on_c, 0, 62, 44
2, 48246, Note_on_c, 0, 62, 0
2, 48246, Note_on_c, 0, 74, 0
2, 48408, Note_on_c, 0, 65, 56
2, 48413, Note_on_c, 0, 48, 41
2, 48590, Note_on_c, 0, 65, 0
2, 48592, Note_on_c, 0, 48, 0
2, 48597, Note_on_c, 0, 64, 54
2, 48626, Note_on_c, 0, 64, 0
2, 48786, Note_on_c, 0, 72, 45
2, 48787, Note_on_c, 0, 60, 39
2, 48817, Note_on_c, 0, 72, 0
2, 48822, Note_on_c, 0, 60, 0
2, 48972, Note_on_c, 0, 46, 45
2, 49012, Note_on_c, 0, 64, 30
2, 49153, Note_on_c, 0, 46, 0
2, 49158, Note_on_c, 0, 64, 0
2, 49178, Note_on_c, 0, 62, 40
2, 49208, Note_on_c, 0, 62, 0
2, 49334, Note_on_c, 0, 58, 48
2, 49339, Note_on_c, 0, 70, 52
2, 49360, Note_on_c, 0, 58, 0
2, 49373, Note_on_c, 0, 70, 0
2, 49532, Note_on_c, 0, 45, 38
2, 49543, Note_on_c, 0, 62, 50
2, 49707, Note_on_c, 0, 62, 0
2, 49709, Note_on_c, 0, 45, 0
2, 49727, Note_on_c, 0, 60, 55
2, 49758, Note_on_c, 0, 60, 0
2, 49903, Note_on_c, 0, 57, 39
2, 49908, Note_on_c, 0, 69, 46
2, 49936, Note_on_c, 0, 57, 0
2, 49936, Note_on_c, 0, 69, 0
2, 49959, Control_c, 0, 67, 8
2, 49975, Control_c, 0, 67, 11
2, 49990, Control_c, 0, 67, 15
2, 50004, Control_c, 0, 67, 21
2, 50020, Control_c, 0, 67, 28
2, 50035, Control_c, 0, 67, 37
2, 50052, Control_c, 0, 67, 49
2, 50067, Control_c, 0, 67, 60
2, 50082, Control_c, 0, 67, 70
2, 50097, Control_c, 0, 67, 81
2, 50098, Note_on_c, 0, 43, 27
2, 50102, Note_on_c, 0, 60, 51
2, 50112, Control_c, 0, 67, 94
2, 50128, Control_c, 0, 67, 109
2, 50143, Control_c, 0, 67, 127
2, 50258, Note_on_c, 0, 60, 0
2, 50279, Note_on_c, 0, 58, 50
2, 50294, Note_on_c, 0, 43, 0
2, 50318, Note_on_c, 0, 58, 0
2, 50475, Note_on_c, 0, 55, 42
2, 50482, Note_on_c, 0, 64, 52
2, 50526, Note_on_c, 0, 55, 0
2, 50526, Note_on_c, 0, 64, 0
2, 50680, Note_on_c, 0, 57, 51
2, 50691, Note_on_c, 0, 53, 39
2, 50865, Note_on_c, 0, 53, 0
2, 50869, Note_on_c, 0, 57, 0
2, 50877, Note_on_c, 0, 55, 42
2, 50886, Note_on_c, 0, 59, 52
2, 50951, Note_on_c, 0, 55, 0
2, 50951, Note_on_c, 0, 59, 0
2, 50954, Note_on_c, 0, 57, 48
2, 50960, Note_on_c, 0, 61, 59
2, 50999, Note_on_c, 0, 57, 0
2, 51012, Note_on_c, 0, 61, 0
2, 51024, Note_on_c, 0, 59, 43
2, 51052, Note_on_c, 0, 62, 56
2, 51111, Note_on_c, 0, 59, 0
2, 51122, Note_on_c, 0, 62, 0
2, 51124, Note_on_c, 0, 61, 58
2, 51131, Note_on_c, 0, 64, 65
2, 51171, Note_on_c, 0, 61, 0
2, 51198, Note_on_c, 0, 62, 62
2, 51204, Note_on_c, 0, 64, 0
2, 51204, Note_on_c, 0, 65, 73
2, 51230, Note_on_c, 0, 62, 0
2, 51236, Note_on_c, 0, 65, 0
2, 51383, Note_on_c, 0, 61, 62
2, 51385, Note_on_c, 0, 64, 58
2, 51418, Note_on_c, 0, 61, 0
2, 51420, Note_on_c, 0, 64, 0
2, 51557, Note_on_c, 0, 62, 58
2, 51563, Note_on_c, 0, 59, 56
2, 51594, Note_on_c, 0, 62, 0
2, 51599, Note_on_c, 0, 59, 0
2, 51741, Note_on_c, 0, 61, 64
2, 51757, Note_on_c, 0, 57, 44
2, 51814, Note_on_c, 0, 57, 0
2, 51814, Note_on_c, 0, 61, 0
2, 51832, Note_on_c, 0, 59, 46
2, 51832, Note_on_c, 0, 62, 65
2, 51913, Note_on_c, 0, 62, 0
2, 51923, Note_on_c, 0, 61, 54
2, 51925, Note_on_c, 0, 59, 0
2, 51926, Note_on_c, 0, 64, 64
2, 51973, Control_c, 0, 67, 100
2, 51988, Control_c, 0, 67, 55
2, 51991, Note_on_c, 0, 61, 0
2, 51992, Note_on_c, 0, 62, 58
2, 52003, Control_c, 0, 67, 0
2, 52007, Note_on_c, 0, 65, 70
2, 52009, Note_on_c, 0, 64, 0
2, 52043, Note_on_c, 0, 65, 0
2, 52046, Note_on_c, 0, 62, 0
2, 52070, Note_on_c, 0, 64, 51
2, 52089, Note_on_c, 0, 67, 66
2, 52158, Note_on_c, 0, 65, 69
2, 52161, Note_on_c, 0, 64, 0
2, 52163, Note_on_c, 0, 67, 0
2, 52163, Note_on_c, 0, 69, 71
2, 52233, Note_on_c, 0, 65, 0
2, 52239, Note_on_c, 0, 67, 68
2, 52246, Note_on_c, 0, 69, 0
2, 52246, Note_on_c, 0, 70, 77
2, 52276, Note_on_c, 0, 67, 0
2, 52277, Note_on_c, 0, 70, 0
2, 52435, Note_on_c, 0, 65, 65
2, 52437, Note_on_c, 0, 69, 70
2, 52468, Note_on_c, 0, 65, 0
2, 52469, Note_on_c, 0, 69, 0
2, 52618, Note_on_c, 0, 64, 62
2, 52619, Note_on_c, 0, 67, 67
2, 52664, Note_on_c, 0, 64, 0
2, 52667, Note_on_c, 0, 67, 0
2, 52817, Note_on_c, 0, 69, 77
2, 52821, Note_on_c, 0, 65, 65
2, 52970, Note_on_c, 0, 69, 0
2, 52999, Note_on_c, 0, 71, 64
2, 53013, Note_on_c, 0, 67, 63
2, 53014, Note_on_c, 0, 65, 0
2, 53064, Note_on_c, 0, 71, 0
2, 53082, Note_on_c, 0, 67, 0
2, 53098, Note_on_c, 0, 73, 68
2, 53099, Note_on_c, 0, 69, 60
2, 53134, Note_on_c, 0, 73, 0
2, 53167, Note_on_c, 0, 74, 81
2, 53182, Note_on_c, 0, 69, 0
2, 53190, Note_on_c, 0, 71, 60
2, 53247, Note_on_c, 0, 74, 0
2, 53250, Note_on_c, 0, 76, 83
2, 53266, Note_on_c, 0, 73, 67
2, 53269, Note_on_c, 0, 71, 0
2, 53336, Note_on_c, 0, 73, 0
2, 53338, Note_on_c, 0, 77, 88
2, 53339, Note_on_c, 0, 74, 86
2, 53343, Note_on_c, 0, 76, 0
2, 53373, Note_on_c, 0, 74, 0
2, 53375, Note_on_c, 0, 77, 0
2, 53528, Note_on_c, 0, 73, 76
2, 53533, Note_on_c, 0, 76, 78
2, 53550, Note_on_c, 0, 73, 0
2, 53569, Note_on_c, 0, 76, 0
2, 53706, Note_on_c, 0, 71, 74
2, 53708, Note_on_c, 0, 74, 78
2, 53734, Note_on_c, 0, 71, 0
2, 53749, Note_on_c, 0, 74, 0
2, 53896, Note_on_c, 0, 81, 87
2, 53904, Note_on_c, 0, 69, 69
2, 53930, Note_on_c, 0, 69, 0
2, 54087, Note_on_c, 0, 64, 70
2, 54124, Note_on_c, 0, 64, 0
2, 54285, Note_on_c, 0, 61, 70
2, 54321, Note_on_c, 0, 61, 0
2, 54468, Note_on_c, 0, 57, 74
2, 54506, Note_on_c, 0, 81, 0
2, 54649, Note_on_c, 0, 81, 74
2, 54662, Note_on_c, 0, 57, 0
2, 54678, Note_on_c, 0, 81, 0
2, 54840, Note_on_c, 0, 61, 62
2, 54840, Note_on_c, 0, 69, 73
2, 54846, Note_on_c, 0, 64, 56
2, 54870, Note_on_c, 0, 69, 0
2, 54874, Note_on_c, 0, 61, 0
2, 54881, Note_on_c, 0, 64, 0
2, 55050, Note_on_c, 0, 72, 66
2, 55055, Note_on_c, 0, 62, 46
2, 55063, Note_on_c, 0, 65, 40
2, 55088, Note_on_c, 0, 72, 0
2, 55104, Note_on_c, 0, 70, 66
2, 55152, Note_on_c, 0, 70, 0
2, 55159, Note_on_c, 0, 72, 63
2, 55194, Note_on_c, 0, 72, 0
2, 55213, Note_on_c, 0, 70, 66
2, 55257, Note_on_c, 0, 70, 0
2, 55262, Note_on_c, 0, 72, 67
2, 55300, Note_on_c, 0, 72, 0
2, 55313, Note_on_c, 0, 70, 65
2, 55413, Note_on_c, 0, 70, 0
2, 55425, Note_on_c, 0, 69, 63
2, 55481, Note_on_c, 0, 69, 0
2, 55597, Note_on_c, 0, 62, 0
2, 55617, Note_on_c, 0, 65, 0
2, 55623, Note_on_c, 0, 69, 69
2, 55628, Note_on_c, 0, 64, 49
2, 55631, Note_on_c, 0, 61, 52
2, 55803, Note_on_c, 0, 69, 0
2, 55811, Note_on_c, 0, 61, 0
2, 55822, Note_on_c, 0, 81, 72
2, 55846, Note_on_c, 0, 81, 0
2, 56008, Note_on_c, 0, 57, 46
2, 56010, Note_on_c, 0, 69, 67
2, 56041, Note_on_c, 0, 69, 0
2, 56049, Note_on_c, 0, 57, 0
2, 56144, Note_on_c, 0, 64, 0
2, 56200, Note_on_c, 0, 62, 49
2, 56202, Note_on_c, 0, 72, 66
2, 56210, Note_on_c, 0, 65, 48
2, 56235, Note_on_c, 0, 72, 0
2, 56253, Note_on_c, 0, 70, 68
2, 56302, Note_on_c, 0, 70, 0
2, 56309, Note_on_c, 0, 72, 66
2, 56339, Note_on_c, 0, 72, 0
2, 56358, Note_on_c, 0, 70, 66
2, 56403, Note_on_c, 0, 70, 0
2, 56407, Note_on_c, 0, 72, 67
2, 56474, Note_on_c, 0, 70, 63
2, 56481, Note_on_c, 0, 72, 0
2, 56549, Note_on_c, 0, 70, 0
2, 56561, Note_on_c, 0, 69, 65
2, 56614, Note_on_c, 0, 69, 0
2, 56751, Note_on_c, 0, 62, 0
2, 56779, Note_on_c, 0, 61, 53
2, 56779, Note_on_c, 0, 65, 0
2, 56783, Note_on_c, 0, 64, 51
2, 56783, Note_on_c, 0, 69, 70
2, 56875, Note_on_c, 0, 61, 0
2, 56947, Note_on_c, 0, 69, 0
2, 56953, Note_on_c, 0, 81, 64
2, 56980, Note_on_c, 0, 81, 0
2, 57134, Note_on_c, 0, 57, 44
2, 57139, Note_on_c, 0, 64, 0
2, 57149, Note_on_c, 0, 79, 62
2, 57175, Note_on_c, 0, 57, 0
2, 57185, Note_on_c, 0, 79, 0
2, 57357, Note_on_c, 0, 62, 49
2, 57359, Note_on_c, 0, 77, 72
2, 57363, Note_on_c, 0, 65, 52
2, 57537, Note_on_c, 0, 62, 0
2, 57544, Note_on_c, 0, 77, 0
2, 57551, Note_on_c, 0, 76, 66
2, 57576, Note_on_c, 0, 76, 0
2, 57738, Note_on_c, 0, 55, 48
2, 57739, Note_on_c, 0, 74, 64
2, 57764, Note_on_c, 0, 55, 0
2, 57768, Note_on_c, 0, 74, 0
2, 57937, Note_on_c, 0, 74, 71
2, 57949, Note_on_c, 0, 57, 39
2, 58112, Note_on_c, 0, 65, 0
2, 58138, Note_on_c, 0, 74, 0
2, 58140, Note_on_c, 0, 76, 63
2, 58171, Note_on_c, 0, 76, 0
2, 58323, Note_on_c, 0, 57, 0
2, 58323, Note_on_c, 0, 73, 62
2, 58324, Note_on_c, 0, 64, 53
2, 58350, Note_on_c, 0, 73, 0
2, 58358, Note_on_c, 0, 64, 0
2, 58505, Note_on_c, 0, 76, 62
2, 58507, Note_on_c, 0, 62, 55
2, 58543, Note_on_c, 0, 62, 0
2, 58561, Note_on_c, 0, 76, 0
2, 58590, Note_on_c, 0, 74, 65
2, 58648, Note_on_c, 0, 74, 0
2, 58666, Note_on_c, 0, 76, 66
2, 58676, Note_on_c, 0, 57, 53
2, 58704, Note_on_c, 0, 57, 0
2, 58708, Note_on_c, 0, 76, 0
2, 58730, Note_on_c, 0, 74, 63
2, 58786, Note_on_c, 0, 74, 0
2, 58791, Note_on_c, 0, 76, 62
2, 58842, Note_on_c, 0, 76, 0
2, 58855, Note_on_c, 0, 50, 49
2, 58855, Note_on_c, 0, 74, 63
2, 58883, Note_on_c, 0, 50, 0
2, 58899, Note_on_c, 0, 74, 0
2, 58900, Note_on_c, 0, 76, 59
2, 58951, Note_on_c, 0, 76, 0
2, 58965, Note_on_c, 0, 74, 61
2, 59004, Note_on_c, 0, 74, 0
2, 59004, Note_on_c, 0, 76, 57
2, 59072, Note_on_c, 0, 74, 63
2, 59072, Note_on_c, 0, 76, 0
2, 59078, Note_on_c, 0, 45, 42
2, 59222, Note_on_c, 0, 74, 0
2, 59248, Note_on_c, 0, 76, 65
2, 59265, Note_on_c, 0, 76, 0
2, 59408, Note_on_c, 0, 45, 0
2, 59430, Note_on_c, 0, 69, 65
2, 59457, Note_on_c, 0, 69, 0
2, 59622, Note_on_c, 0, 77, 77
2, 59623, Note_on_c, 0, 76, 71
2, 59626, Note_on_c, 0, 62, 62
2, 59660, Note_on_c, 0, 62, 0
2, 59665, Note_on_c, 0, 76, 0
2, 59707, Note_on_c, 0, 74, 61
2, 59763, Note_on_c, 0, 74, 0
2, 59782, Note_on_c, 0, 76, 66
2, 59802, Note_on_c, 0, 57, 55
2, 59814, Note_on_c, 0, 76, 0
2, 59830, Note_on_c, 0, 57, 0
2, 59851, Note_on_c, 0, 74, 63
2, 59898, Note_on_c, 0, 74, 0
2, 59910, Note_on_c, 0, 76, 68
2, 59945, Note_on_c, 0, 76, 0
2, 59967, Note_on_c, 0, 74, 63
2, 59979, Note_on_c, 0, 50, 49
2, 60004, Note_on_c, 0, 50, 0
2, 60018, Note_on_c, 0, 74, 0
2, 60027, Note_on_c, 0, 76, 68
2, 60062, Note_on_c, 0, 76, 0
2, 60081, Note_on_c, 0, 74, 61
2, 60126, Note_on_c, 0, 74, 0
2, 60141, Note_on_c, 0, 76, 62
2, 60180, Note_on_c, 0, 76, 0
2, 60188, Note_on_c, 0, 74, 63
2, 60194, Note_on_c, 0, 45, 50
2, 60288, Note_on_c, 0, 77, 0
2, 60359, Note_on_c, 0, 74, 0
2, 60380, Note_on_c, 0, 76, 67
2, 60404, Note_on_c, 0, 76, 0
2, 60548, Note_on_c, 0, 45, 0
2, 60566, Note_on_c, 0, 69, 72
2, 60590, Note_on_c, 0, 69, 0
2, 60758, Note_on_c, 0, 62, 77
2, 60760, Note_on_c, 0, 76, 81
2, 60762, Note_on_c, 0, 77, 87
2, 60794, Note_on_c, 0, 62, 0
2, 60818, Note_on_c, 0, 76, 0
2, 60842, Note_on_c, 0, 74, 71
2, 60912, Note_on_c, 0, 74, 0
2, 60916, Note_on_c, 0, 76, 75
2, 60946, Note_on_c, 0, 57, 72
2, 60973, Note_on_c, 0, 76, 0
2, 60978, Note_on_c, 0, 57, 0
2, 60986, Note_on_c, 0, 74, 73
2, 61046, Note_on_c, 0, 74, 0
2, 61046, Note_on_c, 0, 76, 69
2, 61116, Note_on_c, 0, 76, 0
2, 61120, Note_on_c, 0, 74, 70
2, 61145, Note_on_c, 0, 50, 59
2, 61178, Note_on_c, 0, 50, 0
2, 61180, Note_on_c, 0, 76, 65
2, 61181, Note_on_c, 0, 74, 0
2, 61245, Note_on_c, 0, 74, 61
2, 61253, Note_on_c, 0, 76, 0
2, 61258, Note_on_c, 0, 77, 0
2, 61258, Note_on_c, 0, 77, 16
2, 61293, Note_on_c, 0, 74, 0
2, 61297, Note_on_c, 0, 76, 51
2, 61339, Note_on_c, 0, 74, 67
2, 61345, Note_on_c, 0, 76, 0
2, 61347, Note_on_c, 0, 45, 68
2, 61500, Note_on_c, 0, 77, 0
2, 61504, Note_on_c, 0, 45, 0
2, 61522, Note_on_c, 0, 76, 77
2, 61527, Note_on_c, 0, 74, 0
2, 61544, Note_on_c, 0, 76, 0
2, 61700, Note_on_c, 0, 69, 72
2, 61713, Note_on_c, 0, 61, 66
2, 61741, Note_on_c, 0, 69, 0
2, 61745, Note_on_c, 0, 61, 0
2, 61758, Note_on_c, 0, 81, 19
2, 61799, Note_on_c, 0, 81, 0
2, 61916, Note_on_c, 0, 74, 74
2, 61918, Note_on_c, 0, 77, 78
2, 61927, Note_on_c, 0, 62, 63
2, 61935, Note_on_c, 0, 50, 55
2, 61935, Note_on_c, 0, 57, 54
2, 62095, Note_on_c, 0, 79, 80
2, 62097, Note_on_c, 0, 76, 81
2, 62126, Note_on_c, 0, 77, 0
2, 62135, Note_on_c, 0, 74, 0
2, 62184, Control_c, 0, 64, 44
2, 62199, Control_c, 0, 64, 65
2, 62215, Control_c, 0, 64, 71
2, 62229, Control_c, 0, 64, 80
2, 62244, Control_c, 0, 64, 92
2, 62260, Control_c, 0, 64, 99
2, 62275, Control_c, 0, 64, 102
2, 62281, Note_on_c, 0, 77, 80
2, 62285, Note_on_c, 0, 81, 90
2, 62289, Control_c, 0, 64, 103
2, 62297, Note_on_c, 0, 57, 0
2, 62305, Control_c, 0, 64, 104
2, 62320, Control_c, 0, 64, 104
2, 62334, Note_on_c, 0, 50, 0
2, 62335, Note_on_c, 0, 76, 0
2, 62337, Note_on_c, 0, 62, 0
2, 62370, Note_on_c, 0, 79, 0
2, 62443, Control_c, 0, 64, 104
2, 62458, Control_c, 0, 64, 102
2, 62473, Control_c, 0, 64, 97
2, 62483, Note_on_c, 0, 62, 82
2, 62484, Note_on_c, 0, 58, 77
2, 62486, Note_on_c, 0, 55, 69
2, 62488, Control_c, 0, 64, 87
2, 62504, Control_c, 0, 64, 73
2, 62518, Control_c, 0, 64, 0
2, 62594, Control_c, 0, 64, 30
2, 62618, Control_c, 0, 64, 65
2, 62631, Note_on_c, 0, 77, 0
2, 62633, Control_c, 0, 64, 72
2, 62648, Control_c, 0, 64, 81
2, 62664, Control_c, 0, 64, 87
2, 62671, Note_on_c, 0, 62, 0
2, 62679, Control_c, 0, 64, 90
2, 62679, Note_on_c, 0, 79, 76
2, 62681, Note_on_c, 0, 76, 80
2, 62695, Control_c, 0, 64, 92
2, 62710, Control_c, 0, 64, 94
2, 62710, Note_on_c, 0, 81, 0
2, 62718, Note_on_c, 0, 58, 0
2, 62724, Control_c, 0, 64, 96
2, 62739, Note_on_c, 0, 55, 0
2, 62740, Control_c, 0, 64, 98
2, 62755, Control_c, 0, 64, 99
2, 62770, Control_c, 0, 64, 99
2, 62786, Control_c, 0, 64, 100
2, 62846, Note_on_c, 0, 77, 76
2, 62850, Note_on_c, 0, 74, 74
2, 62857, Note_on_c, 0, 76, 0
2, 62879, Note_on_c, 0, 79, 0
2, 62907, Note_on_c, 0, 77, 0
2, 62951, Note_on_c, 0, 74, 0
2, 62997, Control_c, 0, 64, 99
2, 63013, Control_c, 0, 64, 92
2, 63028, Control_c, 0, 64, 78
2, 63043, Control_c, 0, 64, 59
2, 63044, Note_on_c, 0, 45, 62
2, 63046, Note_on_c, 0, 57, 64
2, 63049, Note_on_c, 0, 76, 68
2, 63059, Control_c, 0, 64, 0
2, 63143, Note_on_c, 0, 74, 65
2, 63186, Note_on_c, 0, 76, 0
2, 63221, Note_on_c, 0, 73, 74
2, 63263, Note_on_c, 0, 74, 0
2, 63287, Control_c, 0, 67, 11
2, 63303, Control_c, 0, 67, 17
2, 63313, Note_on_c, 0, 71, 70
2, 63318, Control_c, 0, 67, 25
2, 63334, Control_c, 0, 67, 33
2, 63343, Note_on_c, 0, 73, 0
2, 63349, Control_c, 0, 67, 44
2, 63363, Control_c, 0, 67, 56
2, 63386, Control_c, 0, 67, 69
2, 63396, Note_on_c, 0, 71, 0
2, 63401, Control_c, 0, 67, 85
2, 63405, Note_on_c, 0, 69, 72
2, 63417, Control_c, 0, 67, 102
2, 63432, Control_c, 0, 67, 119
2, 63446, Control_c, 0, 67, 127
2, 63495, Note_on_c, 0, 67, 68
2, 63502, Note_on_c, 0, 69, 0
2, 63591, Note_on_c, 0, 57, 0
2, 63592, Note_on_c, 0, 65, 67
2, 63595, Note_on_c, 0, 67, 0
2, 63625, Note_on_c, 0, 45, 0
2, 63676, Note_on_c, 0, 64, 69
2, 63685, Note_on_c, 0, 65, 0
2, 63737, Note_on_c, 0, 64, 0
2, 63762, Note_on_c, 0, 62, 63
2, 63841, Note_on_c, 0, 62, 0
2, 63845, Note_on_c, 0, 61, 62
2, 63940, Note_on_c, 0, 59, 65
2, 63948, Control_c, 0, 64, 58
2, 63958, Note_on_c, 0, 61, 0
2, 63964, Control_c, 0, 64, 68
2, 63980, Control_c, 0, 64, 74
2, 63994, Control_c, 0, 64, 80
2, 64009, Control_c, 0, 64, 85
2, 64009, Note_on_c, 0, 59, 0
2, 64025, Control_c, 0, 64, 87
2, 64027, Note_on_c, 0, 57, 59
2, 64040, Control_c, 0, 64, 88
2, 64056, Note_on_c, 0, 57, 0
2, 64085, Control_c, 0, 64, 88
2, 64101, Control_c, 0, 64, 82
2, 64116, Control_c, 0, 64, 72
2, 64131, Control_c, 0, 64, 49
2, 64154, Control_c, 0, 64, 0
2, 64164, Note_on_c, 0, 64, 57
2, 64169, Note_on_c, 0, 65, 56
2, 64180, Note_on_c, 0, 50, 44
2, 64208, Note_on_c, 0, 50, 0
2, 64213, Note_on_c, 0, 64, 0
2, 64247, Note_on_c, 0, 62, 62
2, 64311, Note_on_c, 0, 62, 0
2, 64324, Note_on_c, 0, 64, 63
2, 64343, Note_on_c, 0, 45, 52
2, 64369, Note_on_c, 0, 64, 0
2, 64373, Note_on_c, 0, 45, 0
2, 64396, Note_on_c, 0, 62, 60
2, 64449, Note_on_c, 0, 62, 0
2, 64456, Note_on_c, 0, 64, 60
2, 64497, Note_on_c, 0, 64, 0
2, 64510, Note_on_c, 0, 38, 56
2, 64517, Note_on_c, 0, 62, 54
2, 64545, Note_on_c, 0, 38, 0
2, 64568, Note_on_c, 0, 62, 0
2, 64574, Note_on_c, 0, 64, 62
2, 64618, Note_on_c, 0, 64, 0
2, 64634, Note_on_c, 0, 65, 0
2, 64639, Note_on_c, 0, 62, 53
2, 64676, Note_on_c, 0, 64, 50
2, 64679, Note_on_c, 0, 62, 0
2, 64727, Note_on_c, 0, 64, 0
2, 64730, Note_on_c, 0, 33, 48
2, 64739, Note_on_c, 0, 62, 58
2, 64884, Note_on_c, 0, 62, 0
2, 64928, Note_on_c, 0, 64, 59
2, 64962, Note_on_c, 0, 64, 0
2, 65116, Note_on_c, 0, 57, 66
2, 65127, Note_on_c, 0, 33, 0
2, 65143, Note_on_c, 0, 57, 0
2, 65321, Note_on_c, 0, 64, 62
2, 65323, Note_on_c, 0, 65, 62
2, 65326, Note_on_c, 0, 50, 47
2, 65353, Note_on_c, 0, 50, 0
2, 65364, Note_on_c, 0, 64, 0
2, 65403, Note_on_c, 0, 62, 61
2, 65448, Note_on_c, 0, 62, 0
2, 65471, Note_on_c, 0, 64, 57
2, 65502, Note_on_c, 0, 45, 47
2, 65511, Note_on_c, 0, 64, 0
2, 65530, Note_on_c, 0, 45, 0
2, 65541, Note_on_c, 0, 62, 63
2, 65586, Note_on_c, 0, 62, 0
2, 65595, Note_on_c, 0, 64, 64
2, 65641, Note_on_c, 0, 64, 0
2, 65665, Note_on_c, 0, 62, 62
2, 65670, Note_on_c, 0, 38, 54
2, 65713, Note_on_c, 0, 38, 0
2, 65717, Note_on_c, 0, 64, 52
2, 65719, Note_on_c, 0, 62, 0
2, 65768, Note_on_c, 0, 64, 0
2, 65789, Note_on_c, 0, 62, 53
2, 65830, Note_on_c, 0, 62, 0
2, 65838, Note_on_c, 0, 64, 54
2, 65883, Note_on_c, 0, 64, 0
2, 65900, Note_on_c, 0, 33, 46
2, 65906, Note_on_c, 0, 62, 57
2, 66043, Note_on_c, 0, 65, 0
2, 66065, Note_on_c, 0, 62, 0
2, 66079, Note_on_c, 0, 64, 65
2, 66109, Note_on_c, 0, 64, 0
2, 66242, Note_on_c, 0, 33, 0
2, 66288, Note_on_c, 0, 57, 54
2, 66316, Note_on_c, 0, 57, 0
2, 66505, Note_on_c, 0, 65, 59
2, 66510, Note_on_c, 0, 50, 42
2, 66512, Note_on_c, 0, 62, 58
2, 66689, Note_on_c, 0, 65, 0
2, 66694, Note_on_c, 0, 64, 61
2, 66703, Note_on_c, 0, 62, 0
2, 66728, Note_on_c, 0, 64, 0
2, 66734, Note_on_c, 0, 50, 0
2, 66889, Note_on_c, 0, 62, 62
2, 66907, Note_on_c, 0, 55, 32
2, 66927, Note_on_c, 0, 62, 0
2, 66941, Note_on_c, 0, 55, 0
2, 67084, Note_on_c, 0, 57, 41
2, 67095, Note_on_c, 0, 62, 66
2, 67273, Note_on_c, 0, 62, 0
2, 67287, Note_on_c, 0, 64, 60
2, 67290, Note_on_c, 0, 57, 0
2, 67319, Note_on_c, 0, 64, 0
2, 67470, Note_on_c, 0, 61, 67
2, 67474, Note_on_c, 0, 45, 47
2, 67505, Note_on_c, 0, 45, 0
2, 67511, Note_on_c, 0, 61, 0
2, 67667, Note_on_c, 0, 62, 60
2, 67684, Note_on_c, 0, 50, 48
2, 67750, Note_on_c, 0, 62, 0
2, 67753, Note_on_c, 0, 64, 59
2, 67834, Note_on_c, 0, 65, 63
2, 67841, Note_on_c, 0, 64, 0
2, 67868, Note_on_c, 0, 65, 0
2, 67915, Note_on_c, 0, 67, 68
2, 67998, Note_on_c, 0, 69, 71
2, 68001, Note_on_c, 0, 67, 0
2, 68051, Note_on_c, 0, 50, 0
2, 68111, Note_on_c, 0, 71, 62
2, 68124, Note_on_c, 0, 69, 0
2, 68153, Note_on_c, 0, 73, 68
2, 68156, Note_on_c, 0, 71, 0
2, 68183, Note_on_c, 0, 73, 0
2, 68207, Note_on_c, 0, 50, 50
2, 68212, Note_on_c, 0, 74, 73
2, 68224, Note_on_c, 0, 38, 42
2, 68361, Note_on_c, 0, 74, 0
2, 68395, Note_on_c, 0, 81, 74
2, 68416, Note_on_c, 0, 81, 0
2, 68602, Note_on_c, 0, 69, 65
2, 68621, Note_on_c, 0, 50, 0
2, 68630, Note_on_c, 0, 69, 0
2, 68632, Note_on_c, 0, 38, 0
2, 68804, Note_on_c, 0, 76, 60
2, 68808, Note_on_c, 0, 38, 36
2, 68820, Note_on_c, 0, 50, 40
2, 68833, Note_on_c, 0, 76, 0
2, 68849, Note_on_c, 0, 74, 66
2, 68900, Note_on_c, 0, 74, 0
2, 68909, Note_on_c, 0, 76, 63
2, 68963, Note_on_c, 0, 76, 0
2, 68969, Note_on_c, 0, 74, 54
2, 69007, Note_on_c, 0, 74, 0
2, 69009, Note_on_c, 0, 81, 72
2, 69036, Note_on_c, 0, 81, 0
2, 69245, Note_on_c, 0, 69, 58
2, 69268, Note_on_c, 0, 38, 0
2, 69269, Note_on_c, 0, 50, 0
2, 69274, Note_on_c, 0, 69, 0
2, 69492, Note_on_c, 0, 76, 50
2, 69498, Note_on_c, 0, 38, 35
2, 69525, Note_on_c, 0, 50, 26
2, 69534, Note_on_c, 0, 76, 0
2, 69560, Note_on_c, 0, 74, 57
2, 69586, Note_on_c, 0, 74, 0
2, 69604, Note_on_c, 0, 76, 58
2, 69657, Note_on_c, 0, 76, 0
2, 69669, Note_on_c, 0, 74, 64
2, 69721, Note_on_c, 0, 74, 0
2, 69736, Note_on_c, 0, 81, 68
2, 69760, Note_on_c, 0, 81, 0
2, 70014, Note_on_c, 0, 69, 55
2, 70039, Note_on_c, 0, 69, 0
2, 70085, Note_on_c, 0, 50, 0
2, 70102, Note_on_c, 0, 38, 0
2, 70330, Note_on_c, 0, 76, 45
2, 70333, Note_on_c, 0, 38, 30
2, 70334, Note_on_c, 0, 50, 33
2, 70425, Note_on_c, 0, 76, 0
2, 70447, Note_on_c, 0, 74, 50
2, 70505, Note_on_c, 0, 74, 0
2, 70531, Note_on_c, 0, 76, 54
2, 70578, Note_on_c, 0, 76, 0
2, 70604, Note_on_c, 0, 74, 59
2, 70651, Note_on_c, 0, 74, 0
2, 70659, Note_on_c, 0, 76, 59
2, 70717, Note_on_c, 0, 76, 0
2, 70729, Note_on_c, 0, 74, 57
2, 70776, Note_on_c, 0, 74, 0
2, 70777, Note_on_c, 0, 76, 55
2, 70845, Note_on_c, 0, 76, 0
2, 70851, Note_on_c, 0, 74, 59
2, 70896, Note_on_c, 0, 76, 51
2, 70899, Note_on_c, 0, 74, 0
2, 70967, Note_on_c, 0, 76, 0
2, 70971, Note_on_c, 0, 74, 61
2, 71014, Note_on_c, 0, 76, 54
2, 71019, Note_on_c, 0, 74, 0
2, 71092, Note_on_c, 0, 76, 0
2, 71094, Note_on_c, 0, 74, 57
2, 71144, Note_on_c, 0, 76, 58
2, 71149, Note_on_c, 0, 74, 0
2, 71211, Note_on_c, 0, 76, 0
2, 71213, Note_on_c, 0, 74, 60
2, 71274, Note_on_c, 0, 76, 57
2, 71275, Note_on_c, 0, 74, 0
2, 71340, Note_on_c, 0, 76, 0
2, 71348, Note_on_c, 0, 74, 66
2, 71392, Note_on_c, 0, 74, 0
2, 71392, Note_on_c, 0, 76, 59
2, 71457, Note_on_c, 0, 76, 0
2, 71464, Note_on_c, 0, 74, 63
2, 71515, Note_on_c, 0, 74, 0
2, 71518, Note_on_c, 0, 76, 61
2, 71559, Note_on_c, 0, 76, 0
2, 71574, Note_on_c, 0, 74, 59
2, 71617, Note_on_c, 0, 74, 0
2, 71618, Note_on_c, 0, 76, 61
2, 71675, Note_on_c, 0, 76, 0
2, 71690, Note_on_c, 0, 74, 66
2, 72724, Control_c, 0, 64, 52
2, 72740, Control_c, 0, 64, 64
2, 72755, Control_c, 0, 64, 67
2, 72770, Control_c, 0, 64, 70
2, 72786, Control_c, 0, 64, 74
2, 72801, Control_c, 0, 64, 79
2, 72816, Control_c, 0, 64, 83
2, 72831, Control_c, 0, 64, 87
2, 72846, Control_c, 0, 64, 89
2, 72862, Control_c, 0, 64, 91
2, 72876, Control_c, 0, 64, 94
2, 72891, Control_c, 0, 64, 96
2, 72907, Control_c, 0, 64, 99
2, 72916, Control_c, 0, 64, 102
2, 72931, Control_c, 0, 64, 105
2, 72945, Control_c, 0, 64, 107
2, 72962, Control_c, 0, 64, 110
2, 72977, Control_c, 0, 64, 112
2, 72992, Control_c, 0, 64, 114
2, 73008, Control_c, 0, 64, 115
2, 73023, Control_c, 0, 64, 116
2, 73038, Control_c, 0, 64, 117
2, 73053, Control_c, 0, 64, 118
2, 73068, Control_c, 0, 64, 119
2, 73098, Control_c, 0, 64, 119
2, 73129, Control_c, 0, 64, 120
2, 73688, Note_on_c, 0, 38, 0
2, 73697, Note_on_c, 0, 50, 0
2, 73710, Note_on_c, 0, 74, 0
2, 73724, Control_c, 0, 64, 119
2, 73740, Control_c, 0, 64, 119
2, 73740, Control_c, 0, 67, 127
2, 73755, Control_c, 0, 64, 116
2, 73755, Control_c, 0, 67, 117
2, 73766, Control_c, 0, 64, 111
2, 73766, Control_c, 0, 67, 101
2, 73782, Control_c, 0, 64, 105
2, 73782, Control_c, 0, 67, 78
2, 73797, Control_c, 0, 64, 94
2, 73797, Control_c, 0, 67, 40
2, 73812, Control_c, 0, 64, 83
2, 73812, Control_c, 0, 67, 0
2, 73828, Control_c, 0, 64, 71
2, 73843, Control_c, 0, 64, 45
2, 73858, Control_c, 0, 64, 0
2, 73859, End_track
0, 0, End_of_file